ts_unix_ms,ts_utc,pump_1_status,pump_1_sp,pump_1_speed,pump_2_status,pump_2_sp,pump_2_speed,pump_3_status,pump_3_sp,pump_3_speed,pump_4_status,pump_4_sp,pump_4_speed,magneticStirrer_bioreactor_status,magneticStirrer_bioreactor_sp,magneticStirrer_bioreactor_speed,magneticStirrer_bioreactor_fan_duty_cycle,magneticStirrer_lagoon_status,magneticStirrer_lagoon_sp,magneticStirrer_lagoon_speed,magneticStirrer_lagoon_fan_duty_cycle,valve_bio2lag_status,valve_sug2lag_status,od_bioreactor_status,od_bioreactor_value,od_lagoon_status,od_lagoon_value,tempCtrl_bioreactor_status,tempCtrl_bioreactor_sp,tempCtrl_bioreactor_value,tempCtrl_bioreactor_heater_duty_cycle,tempCtrl_lagoon_status,tempCtrl_lagoon_sp,tempCtrl_lagoon_value,tempCtrl_lagoon_heater_duty_cycle,phtCount_lagoon_status,phtCount_lagoon_value,phtCount_lagoon_overlight,nucleo_temperature,ntc1_ambient_temp,ntc2_pump1_temp,ntc3_pump2_temp,ntc4_pump3_temp,ntc5_pump4_temp,level_sensor_bioreactor_status,level_sensor_lagoon_status,flow_rate_pump1,flow_rate_pump2,flow_rate_pump3,flow_rate_pump4,sample_row,sample_col,sample_done_flag,Annotations,ts_local
1789563698201,2026-09-16T13:01:38.201762+00:00,0,0.0,0.0,0,0.0,0.0,0,0.0,0.0,0,0.0,0.0,0,1000.0,0.0,0.34,0,1000.0,0.0,0.34,0,0,1,0.246,0,0.0,1,37.0,36.37,0.03,0,37.0,-174.57,0.0,0,0.0,0,27.0,27.29,62.38,66.75,80.37,96.33,1,0,0.0,0.0,0.0,0.0,0,0,1,,2026-09-16T15:01:38.201000+02:00
1789563699153,2026-09-16T13:01:39.153715+00:00,0,0.0,0.0,0,0.0,0.0,0,0.0,0.0,0,0.0,0.0,0,1000.0,0.0,0.34,0,1000.0,0.0,0.34,0,0,1,0.2462,0,0.0,1,37.0,36.37,0.03,0,37.0,-184.29,0.0,0,0.0,0,27.0,27.28,62.37,66.73,80.44,95.91,1,0,0.0,0.0,0.0,0.0,0,0,1,,2026-09-16T15:01:39.153000+02:00
1789563700153,2026-09-16T13:01:40.153686+00:00,0,0.0,0.0,0,0.0,0.0,0,0.0,0.0,0,0.0,0.0,0,1000.0,0.0,0.34,0,1000.0,0.0,0.34,0,0,1,0.2458,0,0.0,1,37.0,36.37,0.03,0,37.0,-186.57,0.0,0,0.0,0,27.0,27.29,62.36,66.73,80.48,96.12,1,0,0.0,0.0,0.0,0.0,0,0,1,,2026-09-16T15:01:40.153000+02:00
1789563701152,2026-09-16T13:01:41.152930+00:00,0,0.0,0.0,0,0.0,0.0,0,0.0,0.0,0,0.0,0.0,0,1000.0,0.0,0.34,0,1000.0,0.0,0.34,0,0,1,0.2473,0,0.0,1,37.0,36.37,0.03,0,37.0,-185.05,0.0,0,0.0,0,27.0,27.29,62.41,66.72,80.62,97.44,1,0,0.0,0.0,0.0,0.0,0,0,1,,2026-09-16T15:01:41.152000+02:00
1789563702153,2026-09-16T13:01:42.153547+00:00,0,0.0,0.0,0,0.0,0.0,0,0.0,0.0,0,0.0,0.0,0,1000.0,0.0,0.34,0,1000.0,0.0,0.34,0,0,1,0.2473,0,0.0,1,37.0,36.39,0.03,0,37.0,-176.92,0.0,0,0.0,0,27.0,27.3,62.45,66.77,80.75,98.4,1,0,0.0,0.0,0.0,0.0,0,0,1,,2026-09-16T15:01:42.153000+02:00
1789563703153,2026-09-16T13:01:43.153737+00:00,0,0.0,0.0,0,0.0,0.0,0,0.0,0.0,0,0.0,0.0,0,1000.0,0.0,0.34,0,1000.0,0.0,0.34,0,0,1,0.2458,0,0.0,1,37.0,36.38,0.03,0,37.0,-179.34,0.0,0,0.0,0,28.0,27.3,62.46,66.81,80.81,99.5,1,0,0.0,0.0,0.0,0.0,0,0,1,,2026-09-16T15:01:43.153000+02:00
1789563704153,2026-09-16T13:01:44.153503+00:00,0,0.0,0.0,0,0.0,0.0,0,0.0,0.0,0,0.0,0.0,0,1000.0,0.0,0.34,0,1000.0,0.0,0.34,0,0,1,0.2464,0,0.0,1,37.0,36.39,0.03,0,37.0,-174.01,0.0,0,0.0,0,28.0,27.3,62.46,66.84,80.72,98.85,1,0,0.0,0.0,0.0,0.0,0,0,1,,2026-09-16T15:01:44.153000+02:00
1789563705152,2026-09-16T13:01:45.152983+00:00,0,0.0,0.0,0,0.0,0.0,0,0.0,0.0,0,0.0,0.0,0,1000.0,0.0,0.34,0,1000.0,0.0,0.34,0,0,1,0.2473,0,0.0,1,37.0,36.39,0.03,0,37.0,-177.2,0.0,0,0.0,0,28.0,27.3,62.46,66.81,80.61,98.61,1,0,0.0,0.0,0.0,0.0,0,0,1,,2026-09-16T15:01:45.152000+02:00
1789563706152,2026-09-16T13:01:46.152924+00:00,0,0.0,0.0,0,0.0,0.0,0,0.0,0.0,0,0.0,0.0,0,1000.0,0.0,0.34,0,1000.0,0.0,0.34,0,0,1,0.2464,0,0.0,1,37.0,36.4,0.03,0,37.0,-183.39,0.0,0,0.0,0,28.0,27.31,62.44,66.78,80.56,98.74,1,0,0.0,0.0,0.0,0.0,0,0,1,,2026-09-16T15:01:46.152000+02:00
1789563707153,2026-09-16T13:01:47.153665+00:00,0,0.0,0.0,0,0.0,0.0,0,0.0,0.0,0,0.0,0.0,0,1000.0,0.0,0.34,0,1000.0,0.0,0.34,0,0,1,0.2467,0,0.0,1,37.0,36.4,0.03,0,37.0,-168.11,0.0,0,0.0,0,28.0,27.31,62.41,66.73,80.58,97.86,1,0,0.0,0.0,0.0,0.0,0,0,1,,2026-09-16T15:01:47.153000+02:00
1789563708153,2026-09-16T13:01:48.153328+00:00,0,0.0,0.0,0,0.0,0.0,0,0.0,0.0,0,0.0,0.0,0,1000.0,0.0,0.34,0,1000.0,0.0,0.34,0,0,1,0.2478,0,0.0,1,37.0,36.39,0.03,0,37.0,-183.53,0.0,0,0.0,0,28.0,27.29,62.38,66.69,80.65,97.23,1,0,0.0,0.0,0.0,0.0,0,0,1,,2026-09-16T15:01:48.153000+02:00
1789563709153,2026-09-16T13:01:49.153090+00:00,0,0.0,0.0,0,0.0,0.0,0,0.0,0.0,0,0.0,0.0,0,1000.0,0.0,0.34,0,1000.0,0.0,0.34,0,0,1,0.2471,0,0.0,1,37.0,36.39,0.03,0,37.0,-179.23,0.0,0,0.0,0,28.0,27.28,62.36,66.64,80.63,97.64,1,0,0.0,0.0,0.0,0.0,0,0,1,,2026-09-16T15:01:49.153000+02:00
1789563710153,2026-09-16T13:01:50.153000+00:00,0,0.0,0.0,0,0.0,0.0,0,0.0,0.0,0,0.0,0.0,0,1000.0,0.0,0.34,0,1000.0,0.0,0.34,0,0,1,0.2455,0,0.0,1,37.0,36.39,0.03,0,37.0,-180.05,0.0,0,0.0,0,28.0,27.28,62.32,66.66,80.58,97.29,1,0,0.0,0.0,0.0,0.0,0,0,1,,2026-09-16T15:01:50.153000+02:00
1789563711152,2026-09-16T13:01:51.152820+00:00,0,0.0,0.0,0,0.0,0.0,0,0.0,0.0,0,0.0,0.0,0,1000.0,0.0,0.34,0,1000.0,0.0,0.34,0,0,1,0.2467,0,0.0,1,37.0,36.39,0.03,0,37.0,-182.94,0.0,0,0.0,0,28.0,27.29,62.3,66.69,80.53,97.02,1,0,0.0,0.0,0.0,0.0,0,0,1,,2026-09-16T15:01:51.152000+02:00
1789563712153,2026-09-16T13:01:52.153619+00:00,0,0.0,0.0,0,0.0,0.0,0,0.0,0.0,0,0.0,0.0,0,1000.0,0.0,0.34,0,1000.0,0.0,0.34,0,0,1,0.2462,0,0.0,1,37.0,36.4,0.03,0,37.0,-182.25,0.0,0,0.0,0,28.0,27.29,62.3,66.69,80.6,97.29,1,0,0.0,0.0,0.0,0.0,0,0,1,,2026-09-16T15:01:52.153000+02:00
1789563713156,2026-09-16T13:01:53.156775+00:00,0,0.0,0.0,0,0.0,0.0,0,0.0,0.0,0,0.0,0.0,0,1000.0,0.0,0.34,0,1000.0,0.0,0.34,0,0,1,0.2464,0,0.0,1,37.0,36.4,0.03,0,37.0,-180.02,0.0,0,0.0,0,28.0,27.29,62.34,66.72,80.61,98.17,1,0,0.0,0.0,0.0,0.0,0,0,1,,2026-09-16T15:01:53.156000+02:00
1789563714153,2026-09-16T13:01:54.153001+00:00,0,0.0,0.0,0,0.0,0.0,0,0.0,0.0,0,0.0,0.0,0,1000.0,0.0,0.34,0,1000.0,0.0,0.34,0,0,1,0.2462,0,0.0,1,37.0,36.4,0.03,0,37.0,-179.67,0.0,0,0.0,0,28.0,27.3,62.4,66.76,80.53,98.55,1,0,0.0,0.0,0.0,0.0,0,0,1,,2026-09-16T15:01:54.153000+02:00
1789563715153,2026-09-16T13:01:55.153219+00:00,0,0.0,0.0,0,0.0,0.0,0,0.0,0.0,0,0.0,0.0,0,1000.0,0.0,0.34,0,1000.0,0.0,0.34,0,0,1,0.2467,0,0.0,1,37.0,36.41,0.03,0,37.0,-185.17,0.0,0,0.0,0,28.0,27.3,62.44,66.79,80.46,97.85,1,0,0.0,0.0,0.0,0.0,0,0,1,,2026-09-16T15:01:55.153000+02:00
1789563716153,2026-09-16T13:01:56.153061+00:00,0,0.0,0.0,0,0.0,0.0,0,0.0,0.0,0,0.0,0.0,0,1000.0,0.0,0.34,0,1000.0,0.0,0.34,0,0,1,0.2462,0,0.0,1,37.0,36.42,0.03,0,37.0,-192.49,0.0,0,0.0,0,28.0,27.3,62.45,66.8,80.43,96.71,1,0,0.0,0.0,0.0,0.0,0,0,1,,2026-09-16T15:01:56.153000+02:00
1789563717153,2026-09-16T13:01:57.153140+00:00,0,0.0,0.0,0,0.0,0.0,0,0.0,0.0,0,0.0,0.0,0,1000.0,0.0,0.34,0,1000.0,0.0,0.34,0,0,1,0.2451,0,0.0,1,37.0,36.41,0.03,0,37.0,-167.79,0.0,0,0.0,0,28.0,27.3,62.46,66.78,80.5,96.2,1,0,0.0,0.0,0.0,0.0,0,0,1,,2026-09-16T15:01:57.153000+02:00
1789563718153,2026-09-16T13:01:58.153608+00:00,0,0.0,0.0,0,0.0,0.0,0,0.0,0.0,0,0.0,0.0,0,1000.0,0.0,0.34,0,1000.0,0.0,0.34,0,0,1,0.2458,0,0.0,1,37.0,36.41,0.03,0,37.0,-176.75,0.0,0,0.0,0,28.0,27.3,62.45,66.77,80.51,97.08,1,0,0.0,0.0,0.0,0.0,0,0,1,,2026-09-16T15:01:58.153000+02:00
1789563719153,2026-09-16T13:01:59.153797+00:00,0,0.0,0.0,0,0.0,0.0,0,0.0,0.0,0,0.0,0.0,0,1000.0,0.0,0.34,0,1000.0,0.0,0.34,0,0,1,0.2449,0,0.0,1,37.0,36.42,0.03,0,37.0,-179.16,0.0,0,0.0,0,28.0,27.32,62.44,66.73,80.49,97.49,1,0,0.0,0.0,0.0,0.0,0,0,1,,2026-09-16T15:01:59.153000+02:00
1789563720153,2026-09-16T13:02:00.153637+00:00,0,0.0,0.0,0,0.0,0.0,0,0.0,0.0,0,0.0,0.0,0,1000.0,0.0,0.34,0,1000.0,0.0,0.34,0,0,1,0.2455,0,0.0,1,37.0,36.42,0.03,0,37.0,-182.12,0.0,0,0.0,0,28.0,27.32,62.42,66.76,80.53,98.48,1,0,0.0,0.0,0.0,0.0,0,0,1,,2026-09-16T15:02:00.153000+02:00
1789563721153,2026-09-16T13:02:01.153333+00:00,0,0.0,0.0,0,0.0,0.0,0,0.0,0.0,0,0.0,0.0,0,1000.0,0.0,0.34,0,1000.0,0.0,0.34,0,0,1,0.2446,0,0.0,1,37.0,36.42,0.03,0,37.0,-179.03,0.0,0,0.0,0,28.0,27.31,62.39,66.77,80.52,99.38,1,0,0.0,0.0,0.0,0.0,0,0,1,,2026-09-16T15:02:01.153000+02:00
1789563722153,2026-09-16T13:02:02.153174+00:00,0,0.0,0.0,0,0.0,0.0,0,0.0,0.0,0,0.0,0.0,0,1000.0,0.0,0.34,0,1000.0,0.0,0.34,0,0,1,0.2444,0,0.0,1,37.0,36.43,0.03,0,37.0,-187.79,0.0,0,0.0,0,28.0,27.31,62.36,66.74,80.49,98.75,1,0,0.0,0.0,0.0,0.0,0,0,1,,2026-09-16T15:02:02.153000+02:00
1789563723153,2026-09-16T13:02:03.153201+00:00,0,0.0,0.0,0,0.0,0.0,0,0.0,0.0,0,0.0,0.0,0,1000.0,0.0,0.34,0,1000.0,0.0,0.34,0,0,1,0.2451,0,0.0,1,37.0,36.43,0.03,0,37.0,-183.08,0.0,0,0.0,0,28.0,27.31,62.4,66.77,80.63,97.62,1,0,0.0,0.0,0.0,0.0,0,0,1,,2026-09-16T15:02:03.153000+02:00
1789563724153,2026-09-16T13:02:04.153687+00:00,0,0.0,0.0,0,0.0,0.0,0,0.0,0.0,0,0.0,0.0,0,1000.0,0.0,0.34,0,1000.0,0.0,0.34,0,0,1,0.2444,0,0.0,1,37.0,36.44,0.03,0,37.0,-182.74,0.0,0,0.0,0,28.0,27.31,62.39,66.78,80.68,96.59,1,0,0.0,0.0,0.0,0.0,0,0,1,,2026-09-16T15:02:04.153000+02:00
1789563725154,2026-09-16T13:02:05.154212+00:00,0,0.0,0.0,0,0.0,0.0,0,0.0,0.0,0,0.0,0.0,0,1000.0,0.0,0.34,0,1000.0,0.0,0.34,0,0,1,0.2462,0,0.0,1,37.0,36.44,0.03,0,37.0,-181.12,0.0,0,0.0,0,28.0,27.29,62.39,66.8,80.58,97.11,1,0,0.0,0.0,0.0,0.0,0,0,1,,2026-09-16T15:02:05.154000+02:00
1789563726153,2026-09-16T13:02:06.153049+00:00,0,0.0,0.0,0,0.0,0.0,0,0.0,0.0,0,0.0,0.0,0,1000.0,0.0,0.34,0,1000.0,0.0,0.34,0,0,1,0.2451,0,0.0,1,37.0,36.44,0.03,0,37.0,-182.87,0.0,0,0.0,0,28.0,27.26,62.38,66.79,80.52,97.16,1,0,0.0,0.0,0.0,0.0,0,0,1,,2026-09-16T15:02:06.153000+02:00
1789563727154,2026-09-16T13:02:07.154670+00:00,0,0.0,0.0,0,0.0,0.0,0,0.0,0.0,0,0.0,0.0,0,1000.0,0.0,0.34,0,1000.0,0.0,0.34,0,0,1,0.2453,0,0.0,1,37.0,36.45,0.03,0,37.0,-185.97,0.0,0,0.0,0,28.0,27.24,62.39,66.77,80.48,96.55,1,0,0.0,0.0,0.0,0.0,0,0,1,,2026-09-16T15:02:07.154000+02:00
1789563728153,2026-09-16T13:02:08.153708+00:00,0,0.0,0.0,0,0.0,0.0,0,0.0,0.0,0,0.0,0.0,0,1000.0,0.0,0.34,0,1000.0,0.0,0.34,0,0,1,0.2444,0,0.0,1,37.0,36.44,0.03,0,37.0,-184.37,0.0,0,0.0,0,28.0,27.25,62.38,66.78,80.45,96.39,1,0,0.0,0.0,0.0,0.0,0,0,1,,2026-09-16T15:02:08.153000+02:00
1789563729152,2026-09-16T13:02:09.152846+00:00,0,0.0,0.0,0,0.0,0.0,0,0.0,0.0,0,0.0,0.0,0,1000.0,0.0,0.34,0,1000.0,0.0,0.34,0,0,1,0.2453,0,0.0,1,37.0,36.45,0.03,0,37.0,-185.87,0.0,0,0.0,0,28.0,27.27,62.38,66.79,80.46,96.76,1,0,0.0,0.0,0.0,0.0,0,0,1,,2026-09-16T15:02:09.152000+02:00
1789563730153,2026-09-16T13:02:10.153381+00:00,0,0.0,0.0,0,0.0,0.0,0,0.0,0.0,0,0.0,0.0,0,1000.0,0.0,0.34,0,1000.0,0.0,0.34,0,0,1,0.2455,0,0.0,1,37.0,36.45,0.03,0,37.0,-187.79,0.0,0,0.0,0,28.0,27.28,62.43,66.8,80.47,96.84,1,0,0.0,0.0,0.0,0.0,0,0,1,,2026-09-16T15:02:10.153000+02:00
1789563731153,2026-09-16T13:02:11.153266+00:00,0,0.0,0.0,0,0.0,0.0,0,0.0,0.0,0,0.0,0.0,0,1000.0,0.0,0.34,0,1000.0,0.0,0.34,0,0,1,0.2444,0,0.0,1,37.0,36.46,0.03,0,37.0,-176.35,0.0,0,0.0,0,28.0,27.27,62.44,66.75,80.43,97.66,1,0,0.0,0.0,0.0,0.0,0,0,1,,2026-09-16T15:02:11.153000+02:00
1789563732153,2026-09-16T13:02:12.153873+00:00,0,0.0,0.0,0,0.0,0.0,0,0.0,0.0,0,0.0,0.0,0,1000.0,0.0,0.34,0,1000.0,0.0,0.34,0,0,1,0.2455,0,0.0,1,37.0,36.46,0.03,0,37.0,-179.1,0.0,0,0.0,0,28.0,27.28,62.43,66.75,80.4,97.46,1,0,0.0,0.0,0.0,0.0,0,0,1,,2026-09-16T15:02:12.153000+02:00
1789563733153,2026-09-16T13:02:13.153209+00:00,0,0.0,0.0,0,0.0,0.0,0,0.0,0.0,0,0.0,0.0,0,1000.0,0.0,0.34,0,1000.0,0.0,0.34,0,0,1,0.2446,0,0.0,1,37.0,36.46,0.03,0,37.0,-174.69,0.0,0,0.0,0,28.0,27.28,62.42,66.79,80.39,97.74,1,0,0.0,0.0,0.0,0.0,0,0,1,,2026-09-16T15:02:13.153000+02:00
1789563734153,2026-09-16T13:02:14.153118+00:00,0,0.0,0.0,0,0.0,0.0,0,0.0,0.0,0,0.0,0.0,0,1000.0,0.0,0.34,0,1000.0,0.0,0.34,0,0,1,0.2455,0,0.0,1,37.0,36.46,0.03,0,37.0,-185.71,0.0,0,0.0,0,28.0,27.29,62.38,66.77,80.42,97.95,1,0,0.0,0.0,0.0,0.0,0,0,1,,2026-09-16T15:02:14.153000+02:00
1789563735153,2026-09-16T13:02:15.153476+00:00,0,0.0,0.0,0,0.0,0.0,0,0.0,0.0,0,0.0,0.0,0,1000.0,0.0,0.34,0,1000.0,0.0,0.34,0,0,1,0.2442,0,0.0,1,37.0,36.48,0.03,0,37.0,-178.4,0.0,0,0.0,0,28.0,27.29,62.34,66.71,80.39,98.3,1,0,0.0,0.0,0.0,0.0,0,0,1,,2026-09-16T15:02:15.153000+02:00
1789563736156,2026-09-16T13:02:16.156339+00:00,0,0.0,0.0,0,0.0,0.0,0,0.0,0.0,0,0.0,0.0,0,1000.0,0.0,0.34,0,1000.0,0.0,0.34,0,0,1,0.2453,0,0.0,1,37.0,36.48,0.03,0,37.0,-182.75,0.0,0,0.0,0,28.0,27.3,62.37,66.66,80.41,98.07,1,0,0.0,0.0,0.0,0.0,0,0,1,,2026-09-16T15:02:16.156000+02:00
1789563737153,2026-09-16T13:02:17.153707+00:00,0,0.0,0.0,0,0.0,0.0,0,0.0,0.0,0,0.0,0.0,0,1000.0,0.0,0.34,0,1000.0,0.0,0.34,0,0,1,0.2446,0,0.0,1,37.0,36.47,0.03,0,37.0,-185.08,0.0,0,0.0,0,28.0,27.31,62.41,66.66,80.45,97.78,1,0,0.0,0.0,0.0,0.0,0,0,1,,2026-09-16T15:02:17.153000+02:00
1789563738152,2026-09-16T13:02:18.152876+00:00,0,0.0,0.0,0,0.0,0.0,0,0.0,0.0,0,0.0,0.0,0,1000.0,0.0,0.34,0,1000.0,0.0,0.34,0,0,1,0.244,0,0.0,1,37.0,36.48,0.03,0,37.0,-176.16,0.0,0,0.0,0,28.0,27.32,62.43,66.69,80.49,97.59,1,0,0.0,0.0,0.0,0.0,0,0,1,,2026-09-16T15:02:18.152000+02:00
1789563739152,2026-09-16T13:02:19.152961+00:00,0,0.0,0.0,0,0.0,0.0,0,0.0,0.0,0,0.0,0.0,0,1000.0,0.0,0.34,0,1000.0,0.0,0.34,0,0,1,0.2424,0,0.0,1,37.0,36.48,0.03,0,37.0,-190.06,0.0,0,0.0,0,28.0,27.32,62.43,66.75,80.55,97.2,1,0,0.0,0.0,0.0,0.0,0,0,1,,2026-09-16T15:02:19.152000+02:00
1789563740152,2026-09-16T13:02:20.152783+00:00,0,0.0,0.0,0,0.0,0.0,0,0.0,0.0,0,0.0,0.0,0,1000.0,0.0,0.34,0,1000.0,0.0,0.34,0,0,1,0.2446,0,0.0,1,37.0,36.49,0.03,0,37.0,-176.79,0.0,0,0.0,0,28.0,27.32,62.41,66.75,80.59,97.76,1,0,0.0,0.0,0.0,0.0,0,0,1,,2026-09-16T15:02:20.152000+02:00
1789563741152,2026-09-16T13:02:21.152868+00:00,0,0.0,0.0,0,0.0,0.0,0,0.0,0.0,0,0.0,0.0,0,1000.0,0.0,0.34,0,1000.0,0.0,0.34,0,0,1,0.2458,0,0.0,1,37.0,36.49,0.03,0,37.0,-175.36,0.0,0,0.0,0,28.0,27.33,62.4,66.76,80.68,98.85,1,0,0.0,0.0,0.0,0.0,0,0,1,,2026-09-16T15:02:21.152000+02:00
1789563742153,2026-09-16T13:02:22.153537+00:00,0,0.0,0.0,0,0.0,0.0,0,0.0,0.0,0,0.0,0.0,0,1000.0,0.0,0.34,0,1000.0,0.0,0.34,0,0,1,0.2467,0,0.0,1,37.0,36.48,0.03,0,37.0,-173.97,0.0,0,0.0,0,28.0,27.33,62.42,66.76,80.62,99.23,1,0,0.0,0.0,0.0,0.0,0,0,1,,2026-09-16T15:02:22.153000+02:00
1789563743153,2026-09-16T13:02:23.153672+00:00,0,0.0,0.0,0,0.0,0.0,0,0.0,0.0,0,0.0,0.0,0,1000.0,0.0,0.34,0,1000.0,0.0,0.34,0,0,1,0.2467,0,0.0,1,37.0,36.5,0.03,0,37.0,-183.47,0.0,0,0.0,0,28.0,27.33,62.41,66.75,80.57,99.53,1,0,0.0,0.0,0.0,0.0,0,0,1,,2026-09-16T15:02:23.153000+02:00
1789563744153,2026-09-16T13:02:24.153483+00:00,0,0.0,0.0,0,0.0,0.0,0,0.0,0.0,0,0.0,0.0,0,1000.0,0.0,0.34,0,1000.0,0.0,0.34,0,0,1,0.2471,0,0.0,1,37.0,36.49,0.03,0,37.0,-182.67,0.0,0,0.0,0,28.0,27.31,62.39,66.72,80.59,98.46,1,0,0.0,0.0,0.0,0.0,0,0,1,,2026-09-16T15:02:24.153000+02:00
1789563745152,2026-09-16T13:02:25.152788+00:00,0,0.0,0.0,0,0.0,0.0,0,0.0,0.0,0,0.0,0.0,0,1000.0,0.0,0.34,0,1000.0,0.0,0.34,0,0,1,0.2469,0,0.0,1,37.0,36.5,0.03,0,37.0,-173.94,0.0,0,0.0,0,28.0,27.31,62.39,66.71,80.53,97.53,1,0,0.0,0.0,0.0,0.0,0,0,1,,2026-09-16T15:02:25.152000+02:00
1789563746152,2026-09-16T13:02:26.152930+00:00,0,0.0,0.0,0,0.0,0.0,0,0.0,0.0,0,0.0,0.0,0,1000.0,0.0,0.34,0,1000.0,0.0,0.34,0,0,1,0.2462,0,0.0,1,37.0,36.5,0.03,0,37.0,-170.46,0.0,0,0.0,0,28.0,27.3,62.4,66.74,80.52,96.57,1,0,0.0,0.0,0.0,0.0,0,0,1,,2026-09-16T15:02:26.152000+02:00
1789563747153,2026-09-16T13:02:27.153285+00:00,0,0.0,0.0,0,0.0,0.0,0,0.0,0.0,0,0.0,0.0,0,1000.0,0.0,0.34,0,1000.0,0.0,0.34,0,0,1,0.2467,0,0.0,1,37.0,36.5,0.03,0,37.0,-179.46,0.0,0,0.0,0,28.0,27.29,62.41,66.76,80.51,97.07,1,0,0.0,0.0,0.0,0.0,0,0,1,,2026-09-16T15:02:27.153000+02:00
1789563748153,2026-09-16T13:02:28.153157+00:00,0,0.0,0.0,0,0.0,0.0,0,0.0,0.0,0,0.0,0.0,0,1000.0,0.0,0.34,0,1000.0,0.0,0.34,0,0,1,0.2453,0,0.0,1,37.0,36.51,0.03,0,37.0,-183.11,0.0,0,0.0,0,28.0,27.27,62.41,66.79,80.48,97.25,1,0,0.0,0.0,0.0,0.0,0,0,1,,2026-09-16T15:02:28.153000+02:00
1789563749153,2026-09-16T13:02:29.153610+00:00,0,0.0,0.0,0,0.0,0.0,0,0.0,0.0,0,0.0,0.0,0,1000.0,0.0,0.34,0,1000.0,0.0,0.34,0,0,1,0.2462,0,0.0,1,37.0,36.51,0.03,0,37.0,-176.82,0.0,0,0.0,0,28.0,27.27,62.41,66.81,80.4,97.07,1,0,0.0,0.0,0.0,0.0,0,0,1,,2026-09-16T15:02:29.153000+02:00
1789563750153,2026-09-16T13:02:30.153529+00:00,0,0.0,0.0,0,0.0,0.0,0,0.0,0.0,0,0.0,0.0,0,1000.0,0.0,0.34,0,1000.0,0.0,0.34,0,0,1,0.246,0,0.0,1,37.0,36.52,0.03,0,37.0,-183.74,0.0,0,0.0,0,28.0,27.28,62.42,66.8,80.35,96.79,1,0,0.0,0.0,0.0,0.0,0,0,1,,2026-09-16T15:02:30.153000+02:00
1789563751153,2026-09-16T13:02:31.153921+00:00,0,0.0,0.0,0,0.0,0.0,0,0.0,0.0,0,0.0,0.0,0,1000.0,0.0,0.34,0,1000.0,0.0,0.34,0,0,1,0.246,0,0.0,1,37.0,36.52,0.03,0,37.0,-182.05,0.0,0,0.0,0,28.0,27.28,62.39,66.76,80.31,96.32,1,0,0.0,0.0,0.0,0.0,0,0,1,,2026-09-16T15:02:31.153000+02:00
1789563752152,2026-09-16T13:02:32.152977+00:00,0,0.0,0.0,0,0.0,0.0,0,0.0,0.0,0,0.0,0.0,0,1000.0,0.0,0.34,0,1000.0,0.0,0.34,0,0,1,0.2462,0,0.0,1,37.0,36.51,0.03,0,37.0,-193.03,0.0,0,0.0,0,26.0,27.29,62.36,66.73,80.3,96.67,1,0,0.0,0.0,0.0,0.0,0,0,1,,2026-09-16T15:02:32.152000+02:00
1789563753153,2026-09-16T13:02:33.153108+00:00,0,0.0,0.0,0,0.0,0.0,0,0.0,0.0,0,0.0,0.0,0,1000.0,0.0,0.34,0,1000.0,0.0,0.34,0,0,1,0.2462,0,0.0,1,37.0,36.51,0.03,0,37.0,-180.57,0.0,0,0.0,0,26.0,27.31,62.35,66.71,80.38,96.21,1,0,0.0,0.0,0.0,0.0,0,0,1,,2026-09-16T15:02:33.153000+02:00
1789563754153,2026-09-16T13:02:34.153598+00:00,0,0.0,0.0,0,0.0,0.0,0,0.0,0.0,0,0.0,0.0,0,1000.0,0.0,0.34,0,1000.0,0.0,0.34,0,0,1,0.2453,0,0.0,1,37.0,36.53,0.03,0,37.0,-181.95,0.0,0,0.0,0,26.0,27.31,62.35,66.72,80.41,96.49,1,0,0.0,0.0,0.0,0.0,0,0,1,,2026-09-16T15:02:34.153000+02:00
1789563755153,2026-09-16T13:02:35.153726+00:00,0,0.0,0.0,0,0.0,0.0,0,0.0,0.0,0,0.0,0.0,0,1000.0,0.0,0.34,0,1000.0,0.0,0.34,0,0,1,0.2455,0,0.0,1,37.0,36.53,0.03,0,37.0,-187.44,0.0,0,0.0,0,26.0,27.31,62.37,66.75,80.4,97.32,1,0,0.0,0.0,0.0,0.0,0,0,1,,2026-09-16T15:02:35.153000+02:00
1789563756152,2026-09-16T13:02:36.152820+00:00,0,0.0,0.0,0,0.0,0.0,0,0.0,0.0,0,0.0,0.0,0,1000.0,0.0,0.34,0,1000.0,0.0,0.34,0,0,1,0.2453,0,0.0,1,37.0,36.53,0.03,0,37.0,-187.98,0.0,0,0.0,0,26.0,27.31,62.37,66.77,80.32,97.03,1,0,0.0,0.0,0.0,0.0,0,0,1,,2026-09-16T15:02:36.152000+02:00
1789563757153,2026-09-16T13:02:37.153183+00:00,0,0.0,0.0,0,0.0,0.0,0,0.0,0.0,0,0.0,0.0,0,1000.0,0.0,0.34,0,1000.0,0.0,0.34,0,0,1,0.2444,0,0.0,1,37.0,36.52,0.03,0,37.0,-178.59,0.0,0,0.0,0,26.0,27.3,62.37,66.81,80.31,96.92,1,0,0.0,0.0,0.0,0.0,0,0,1,,2026-09-16T15:02:37.153000+02:00
1789563758153,2026-09-16T13:02:38.153666+00:00,0,0.0,0.0,0,0.0,0.0,0,0.0,0.0,0,0.0,0.0,0,1000.0,0.0,0.34,0,1000.0,0.0,0.34,0,0,1,0.2455,0,0.0,1,37.0,36.54,0.03,0,37.0,-181.18,0.0,0,0.0,0,26.0,27.3,62.38,66.83,80.29,96.67,1,0,0.0,0.0,0.0,0.0,0,0,1,,2026-09-16T15:02:38.153000+02:00
1789563759154,2026-09-16T13:02:39.154266+00:00,0,0.0,0.0,0,0.0,0.0,0,0.0,0.0,0,0.0,0.0,0,1000.0,0.0,0.34,0,1000.0,0.0,0.34,0,0,1,0.2455,0,0.0,1,37.0,36.54,0.03,0,37.0,-173.34,0.0,0,0.0,0,26.0,27.3,62.39,66.8,80.24,96.36,1,0,0.0,0.0,0.0,0.0,0,0,1,,2026-09-16T15:02:39.154000+02:00
1789563760153,2026-09-16T13:02:40.153239+00:00,0,0.0,0.0,0,0.0,0.0,0,0.0,0.0,0,0.0,0.0,0,1000.0,0.0,0.34,0,1000.0,0.0,0.34,0,0,1,0.2464,0,0.0,1,37.0,36.54,0.03,0,37.0,-182.13,0.0,0,0.0,0,26.0,27.32,62.39,66.78,80.2,95.77,1,0,0.0,0.0,0.0,0.0,0,0,1,,2026-09-16T15:02:40.153000+02:00
1789563761153,2026-09-16T13:02:41.153284+00:00,0,0.0,0.0,0,0.0,0.0,0,0.0,0.0,0,0.0,0.0,0,1000.0,0.0,0.34,0,1000.0,0.0,0.34,0,0,1,0.2464,0,0.0,1,37.0,36.54,0.04,0,37.0,-172.53,0.0,0,0.0,0,26.0,27.33,62.37,66.73,80.19,96.26,1,0,0.0,0.0,0.0,0.0,0,0,1,,2026-09-16T15:02:41.153000+02:00
1789563762153,2026-09-16T13:02:42.153055+00:00,0,0.0,0.0,0,0.0,0.0,0,0.0,0.0,0,0.0,0.0,0,1000.0,0.0,0.34,0,1000.0,0.0,0.34,0,0,1,0.2451,0,0.0,1,37.0,36.55,0.03,0,37.0,-176.44,0.0,0,0.0,0,28.0,27.33,62.39,66.73,80.27,97.31,1,0,0.0,0.0,0.0,0.0,0,0,1,,2026-09-16T15:02:42.153000+02:00
1789563763154,2026-09-16T13:02:43.154809+00:00,0,0.0,0.0,0,0.0,0.0,0,0.0,0.0,0,0.0,0.0,0,1000.0,0.0,0.34,0,1000.0,0.0,0.34,0,0,1,0.2458,0,0.0,1,37.0,36.55,0.03,0,37.0,-166.39,0.0,0,0.0,0,28.0,27.33,62.39,66.71,80.37,98.23,1,0,0.0,0.0,0.0,0.0,0,0,1,,2026-09-16T15:02:43.154000+02:00
1789563764153,2026-09-16T13:02:44.153373+00:00,0,0.0,0.0,0,0.0,0.0,0,0.0,0.0,0,0.0,0.0,0,1000.0,0.0,0.34,0,1000.0,0.0,0.34,0,0,1,0.2471,0,0.0,1,37.0,36.55,0.03,0,37.0,-176.3,0.0,0,0.0,0,28.0,27.31,62.4,66.73,80.42,97.98,1,0,0.0,0.0,0.0,0.0,0,0,1,,2026-09-16T15:02:44.153000+02:00
1789563765152,2026-09-16T13:02:45.152858+00:00,0,0.0,0.0,0,0.0,0.0,0,0.0,0.0,0,0.0,0.0,0,1000.0,0.0,0.34,0,1000.0,0.0,0.34,0,0,1,0.2462,0,0.0,1,37.0,36.56,0.03,0,37.0,-180.63,0.0,0,0.0,0,28.0,27.3,62.43,66.74,80.41,97.96,1,0,0.0,0.0,0.0,0.0,0,0,1,,2026-09-16T15:02:45.152000+02:00
1789563766152,2026-09-16T13:02:46.152815+00:00,0,0.0,0.0,0,0.0,0.0,0,0.0,0.0,0,0.0,0.0,0,1000.0,0.0,0.34,0,1000.0,0.0,0.34,0,0,1,0.2464,0,0.0,1,37.0,36.56,0.03,0,37.0,-178.55,0.0,0,0.0,0,28.0,27.31,62.42,66.76,80.32,97.52,1,0,0.0,0.0,0.0,0.0,0,0,1,,2026-09-16T15:02:46.152000+02:00
1789563767153,2026-09-16T13:02:47.153013+00:00,0,0.0,0.0,0,0.0,0.0,0,0.0,0.0,0,0.0,0.0,0,1000.0,0.0,0.34,0,1000.0,0.0,0.34,0,0,1,0.2455,0,0.0,1,37.0,36.56,0.03,0,37.0,-183.45,0.0,0,0.0,0,27.0,27.32,62.44,66.76,80.17,97.14,1,0,0.0,0.0,0.0,0.0,0,0,1,,2026-09-16T15:02:47.153000+02:00
1789563768153,2026-09-16T13:02:48.153601+00:00,0,0.0,0.0,0,0.0,0.0,0,0.0,0.0,0,0.0,0.0,0,1000.0,0.0,0.34,0,1000.0,0.0,0.34,0,0,1,0.2464,0,0.0,1,37.0,36.56,0.03,0,37.0,-179.27,0.0,0,0.0,0,27.0,27.32,62.43,66.78,80.1,96.98,1,0,0.0,0.0,0.0,0.0,0,0,1,,2026-09-16T15:02:48.153000+02:00
1789563769156,2026-09-16T13:02:49.156731+00:00,0,0.0,0.0,0,0.0,0.0,0,0.0,0.0,0,0.0,0.0,0,1000.0,0.0,0.34,0,1000.0,0.0,0.34,0,0,1,0.2469,0,0.0,1,37.0,36.57,0.03,0,37.0,-182.43,0.0,0,0.0,0,27.0,27.33,62.43,66.81,80.07,96.33,1,0,0.0,0.0,0.0,0.0,0,0,1,,2026-09-16T15:02:49.156000+02:00
1789563770153,2026-09-16T13:02:50.153387+00:00,0,0.0,0.0,0,0.0,0.0,0,0.0,0.0,0,0.0,0.0,0,1000.0,0.0,0.34,0,1000.0,0.0,0.34,0,0,1,0.2464,0,0.0,1,37.0,36.56,0.03,0,37.0,-187.33,0.0,0,0.0,0,27.0,27.33,62.44,66.85,80.06,96.56,1,0,0.0,0.0,0.0,0.0,0,0,1,,2026-09-16T15:02:50.153000+02:00
1789563771153,2026-09-16T13:02:51.153599+00:00,0,0.0,0.0,0,0.0,0.0,0,0.0,0.0,0,0.0,0.0,0,1000.0,0.0,0.34,0,1000.0,0.0,0.34,0,0,1,0.2471,0,0.0,1,37.0,36.56,0.03,0,37.0,-177.63,0.0,0,0.0,0,27.0,27.33,62.45,66.8,80.15,96.46,1,0,0.0,0.0,0.0,0.0,0,0,1,,2026-09-16T15:02:51.153000+02:00
1789563772153,2026-09-16T13:02:52.153293+00:00,0,0.0,0.0,0,0.0,0.0,0,0.0,0.0,0,0.0,0.0,0,1000.0,0.0,0.34,0,1000.0,0.0,0.34,0,0,1,0.2458,0,0.0,1,37.0,36.55,0.03,0,37.0,-184.11,0.0,0,0.0,0,28.0,27.33,62.45,66.74,80.26,95.85,1,0,0.0,0.0,0.0,0.0,0,0,1,,2026-09-16T15:02:52.153000+02:00
1789563773153,2026-09-16T13:02:53.153293+00:00,0,0.0,0.0,0,0.0,0.0,0,0.0,0.0,0,0.0,0.0,0,1000.0,0.0,0.34,0,1000.0,0.0,0.34,0,0,1,0.2462,0,0.0,1,37.0,36.56,0.03,0,37.0,-172.99,0.0,0,0.0,0,28.0,27.31,62.47,66.72,80.31,95.85,1,0,0.0,0.0,0.0,0.0,0,0,1,,2026-09-16T15:02:53.153000+02:00
1789563774153,2026-09-16T13:02:54.153124+00:00,0,0.0,0.0,0,0.0,0.0,0,0.0,0.0,0,0.0,0.0,0,1000.0,0.0,0.34,0,1000.0,0.0,0.34,0,0,1,0.2469,0,0.0,1,37.0,36.57,0.03,0,37.0,-172.79,0.0,0,0.0,0,28.0,27.3,62.46,66.72,80.52,96.02,1,0,0.0,0.0,0.0,0.0,0,0,1,,2026-09-16T15:02:54.153000+02:00
1789563775153,2026-09-16T13:02:55.153534+00:00,0,0.0,0.0,0,0.0,0.0,0,0.0,0.0,0,0.0,0.0,0,1000.0,0.0,0.34,0,1000.0,0.0,0.34,0,0,1,0.2467,0,0.0,1,37.0,36.57,0.03,0,37.0,-183.41,0.0,0,0.0,0,28.0,27.29,62.44,66.71,80.57,96.55,1,0,0.0,0.0,0.0,0.0,0,0,1,,2026-09-16T15:02:55.153000+02:00
1789563776152,2026-09-16T13:02:56.152859+00:00,0,0.0,0.0,0,0.0,0.0,0,0.0,0.0,0,0.0,0.0,0,1000.0,0.0,0.34,0,1000.0,0.0,0.34,0,0,1,0.2471,0,0.0,1,37.0,36.58,0.03,0,37.0,-175.87,0.0,0,0.0,0,28.0,27.3,62.43,66.69,80.63,96.81,1,0,0.0,0.0,0.0,0.0,0,0,1,,2026-09-16T15:02:56.152000+02:00
1789563777153,2026-09-16T13:02:57.153112+00:00,0,0.0,0.0,0,0.0,0.0,0,0.0,0.0,0,0.0,0.0,0,1000.0,0.0,0.34,0,1000.0,0.0,0.34,0,0,1,0.2462,0,0.0,1,37.0,36.58,0.03,0,37.0,-169.83,0.0,0,0.0,0,28.0,27.31,62.43,66.71,80.51,96.53,1,0,0.0,0.0,0.0,0.0,0,0,1,,2026-09-16T15:02:57.153000+02:00
1789563778153,2026-09-16T13:02:58.153677+00:00,0,0.0,0.0,0,0.0,0.0,0,0.0,0.0,0,0.0,0.0,0,1000.0,0.0,0.34,0,1000.0,0.0,0.34,0,0,1,0.2462,0,0.0,1,37.0,36.6,0.03,0,37.0,-172.45,0.0,0,0.0,0,28.0,27.32,62.43,66.73,80.46,97.24,1,0,0.0,0.0,0.0,0.0,0,0,1,,2026-09-16T15:02:58.153000+02:00
1789563779152,2026-09-16T13:02:59.152891+00:00,0,0.0,0.0,0,0.0,0.0,0,0.0,0.0,0,0.0,0.0,0,1000.0,0.0,0.34,0,1000.0,0.0,0.34,0,0,1,0.2464,0,0.0,1,37.0,36.6,0.03,0,37.0,-178.43,0.0,0,0.0,0,28.0,27.31,62.43,66.75,80.43,98.26,1,0,0.0,0.0,0.0,0.0,0,0,1,,2026-09-16T15:02:59.152000+02:00
1789563780153,2026-09-16T13:03:00.153759+00:00,0,0.0,0.0,0,0.0,0.0,0,0.0,0.0,0,0.0,0.0,0,1000.0,0.0,0.34,0,1000.0,0.0,0.34,0,0,1,0.2458,0,0.0,1,37.0,36.6,0.03,0,37.0,-182.33,0.0,0,0.0,0,28.0,27.29,62.43,66.77,80.45,97.68,1,0,0.0,0.0,0.0,0.0,0,0,1,,2026-09-16T15:03:00.153000+02:00
1789563781153,2026-09-16T13:03:01.153560+00:00,0,0.0,0.0,0,0.0,0.0,0,0.0,0.0,0,0.0,0.0,0,1000.0,0.0,0.34,0,1000.0,0.0,0.34,0,0,1,0.2453,0,0.0,1,37.0,36.61,0.03,0,37.0,-188.31,0.0,0,0.0,0,28.0,27.31,62.41,66.78,80.47,97.58,1,0,0.0,0.0,0.0,0.0,0,0,1,,2026-09-16T15:03:01.153000+02:00
1789563782153,2026-09-16T13:03:02.153347+00:00,0,0.0,0.0,0,0.0,0.0,0,0.0,0.0,0,0.0,0.0,0,1000.0,0.0,0.34,0,1000.0,0.0,0.34,0,0,1,0.2464,0,0.0,1,37.0,36.6,0.03,0,37.0,-178.94,0.0,0,0.0,0,28.0,27.31,62.4,66.79,80.5,97.4,1,0,0.0,0.0,0.0,0.0,0,0,1,,2026-09-16T15:03:02.153000+02:00
1789563783152,2026-09-16T13:03:03.152864+00:00,0,0.0,0.0,0,0.0,0.0,0,0.0,0.0,0,0.0,0.0,0,1000.0,0.0,0.34,0,1000.0,0.0,0.34,0,0,1,0.2458,0,0.0,1,37.0,36.61,0.03,0,37.0,-180.06,0.0,0,0.0,0,28.0,27.31,62.42,66.79,80.49,98.12,1,0,0.0,0.0,0.0,0.0,0,0,1,,2026-09-16T15:03:03.152000+02:00
1789563784153,2026-09-16T13:03:04.153094+00:00,0,0.0,0.0,0,0.0,0.0,0,0.0,0.0,0,0.0,0.0,0,1000.0,0.0,0.34,0,1000.0,0.0,0.34,0,0,1,0.2458,0,0.0,1,37.0,36.62,0.03,0,37.0,-172.4,0.0,0,0.0,0,28.0,27.32,62.43,66.78,80.52,98.34,1,0,0.0,0.0,0.0,0.0,0,0,1,,2026-09-16T15:03:04.153000+02:00
1789563785153,2026-09-16T13:03:05.153027+00:00,0,0.0,0.0,0,0.0,0.0,0,0.0,0.0,0,0.0,0.0,0,1000.0,0.0,0.34,0,1000.0,0.0,0.34,0,0,1,0.2458,0,0.0,1,37.0,36.61,0.03,0,37.0,-181.6,0.0,0,0.0,0,28.0,27.33,62.44,66.78,80.6,98.55,1,0,0.0,0.0,0.0,0.0,0,0,1,,2026-09-16T15:03:05.153000+02:00
1789563786153,2026-09-16T13:03:06.153655+00:00,0,0.0,0.0,0,0.0,0.0,0,0.0,0.0,0,0.0,0.0,0,1000.0,0.0,0.34,0,1000.0,0.0,0.34,0,0,1,0.2446,0,0.0,1,37.0,36.62,0.03,0,37.0,-179.33,0.0,0,0.0,0,28.0,27.33,62.43,66.75,80.58,98.57,1,0,0.0,0.0,0.0,0.0,0,0,1,,2026-09-16T15:03:06.153000+02:00
1789563787153,2026-09-16T13:03:07.153023+00:00,0,0.0,0.0,0,0.0,0.0,0,0.0,0.0,0,0.0,0.0,0,1000.0,0.0,0.34,0,1000.0,0.0,0.34,0,0,1,0.2444,0,0.0,1,37.0,36.62,0.03,0,37.0,-173.69,0.0,0,0.0,0,28.0,27.33,62.41,66.73,80.58,98.46,1,0,0.0,0.0,0.0,0.0,0,0,1,,2026-09-16T15:03:07.153000+02:00
1789563788153,2026-09-16T13:03:08.153246+00:00,0,0.0,0.0,0,0.0,0.0,0,0.0,0.0,0,0.0,0.0,0,1000.0,0.0,0.34,0,1000.0,0.0,0.34,0,0,1,0.2444,0,0.0,1,37.0,36.62,0.03,0,37.0,-178.69,0.0,0,0.0,0,28.0,27.3,62.38,66.72,80.54,98.05,1,0,0.0,0.0,0.0,0.0,0,0,1,,2026-09-16T15:03:08.153000+02:00
1789563789152,2026-09-16T13:03:09.152860+00:00,0,0.0,0.0,0,0.0,0.0,0,0.0,0.0,0,0.0,0.0,0,1000.0,0.0,0.34,0,1000.0,0.0,0.34,0,0,1,0.2435,0,0.0,1,37.0,36.62,0.03,0,37.0,-179.12,0.0,0,0.0,0,28.0,27.31,62.38,66.72,80.4,98.18,1,0,0.0,0.0,0.0,0.0,0,0,1,,2026-09-16T15:03:09.152000+02:00
1789563790153,2026-09-16T13:03:10.153616+00:00,0,0.0,0.0,0,0.0,0.0,0,0.0,0.0,0,0.0,0.0,0,1000.0,0.0,0.34,0,1000.0,0.0,0.34,0,0,1,0.2451,0,0.0,1,37.0,36.62,0.03,0,37.0,-174.0,0.0,0,0.0,0,28.0,27.32,62.38,66.75,80.43,98.18,1,0,0.0,0.0,0.0,0.0,0,0,1,,2026-09-16T15:03:10.153000+02:00
1789563791153,2026-09-16T13:03:11.153349+00:00,0,0.0,0.0,0,0.0,0.0,0,0.0,0.0,0,0.0,0.0,0,1000.0,0.0,0.34,0,1000.0,0.0,0.34,0,0,1,0.2449,0,0.0,1,37.0,36.63,0.03,0,37.0,-185.08,0.0,0,0.0,0,28.0,27.32,62.4,66.75,80.46,98.17,1,0,0.0,0.0,0.0,0.0,0,0,1,,2026-09-16T15:03:11.153000+02:00
1789563792154,2026-09-16T13:03:12.154479+00:00,0,0.0,0.0,0,0.0,0.0,0,0.0,0.0,0,0.0,0.0,0,1000.0,0.0,0.34,0,1000.0,0.0,0.34,0,0,1,0.2449,0,0.0,1,37.0,36.64,0.03,0,37.0,-176.67,0.0,0,0.0,0,28.0,27.3,62.42,66.8,80.44,97.22,1,0,0.0,0.0,0.0,0.0,0,0,1,,2026-09-16T15:03:12.154000+02:00
1789563793154,2026-09-16T13:03:13.154677+00:00,0,0.0,0.0,0,0.0,0.0,0,0.0,0.0,0,0.0,0.0,0,1000.0,0.0,0.34,0,1000.0,0.0,0.34,0,0,1,0.2455,0,0.0,1,37.0,36.63,0.03,0,37.0,-176.14,0.0,0,0.0,0,28.0,27.28,62.42,66.78,80.45,97.73,1,0,0.0,0.0,0.0,0.0,0,0,1,,2026-09-16T15:03:13.154000+02:00
1789563794152,2026-09-16T13:03:14.152975+00:00,0,0.0,0.0,0,0.0,0.0,0,0.0,0.0,0,0.0,0.0,0,1000.0,0.0,0.34,0,1000.0,0.0,0.34,0,0,1,0.2449,0,0.0,1,37.0,36.63,0.03,0,37.0,-186.38,0.0,0,0.0,0,28.0,27.28,62.41,66.78,80.49,97.5,1,0,0.0,0.0,0.0,0.0,0,0,1,,2026-09-16T15:03:14.152000+02:00
1789563795153,2026-09-16T13:03:15.153246+00:00,0,0.0,0.0,0,0.0,0.0,0,0.0,0.0,0,0.0,0.0,0,1000.0,0.0,0.34,0,1000.0,0.0,0.34,0,0,1,0.2453,0,0.0,1,37.0,36.62,0.03,0,37.0,-193.01,0.0,0,0.0,0,28.0,27.28,62.42,66.75,80.66,97.39,1,0,0.0,0.0,0.0,0.0,0,0,1,,2026-09-16T15:03:15.153000+02:00
1789563796152,2026-09-16T13:03:16.152894+00:00,0,0.0,0.0,0,0.0,0.0,0,0.0,0.0,0,0.0,0.0,0,1000.0,0.0,0.34,0,1000.0,0.0,0.34,0,0,1,0.2442,0,0.0,1,37.0,36.63,0.03,0,37.0,-169.76,0.0,0,0.0,0,27.0,27.27,62.42,66.73,80.67,97.22,1,0,0.0,0.0,0.0,0.0,0,0,1,,2026-09-16T15:03:16.152000+02:00
1789563797152,2026-09-16T13:03:17.152947+00:00,0,0.0,0.0,0,0.0,0.0,0,0.0,0.0,0,0.0,0.0,0,1000.0,0.0,0.34,0,1000.0,0.0,0.34,0,0,1,0.2449,0,0.0,1,37.0,36.63,0.03,0,37.0,-171.65,0.0,0,0.0,0,27.0,27.27,62.42,66.74,80.76,96.75,1,0,0.0,0.0,0.0,0.0,0,0,1,,2026-09-16T15:03:17.152000+02:00
1789563798153,2026-09-16T13:03:18.153691+00:00,0,0.0,0.0,0,0.0,0.0,0,0.0,0.0,0,0.0,0.0,0,1000.0,0.0,0.34,0,1000.0,0.0,0.34,0,0,1,0.2449,0,0.0,1,37.0,36.63,0.03,0,37.0,-181.21,0.0,0,0.0,0,27.0,27.29,62.45,66.76,80.76,95.99,1,0,0.0,0.0,0.0,0.0,0,0,1,,2026-09-16T15:03:18.153000+02:00
1789563799153,2026-09-16T13:03:19.153924+00:00,0,0.0,0.0,0,0.0,0.0,0,0.0,0.0,0,0.0,0.0,0,1000.0,0.0,0.34,0,1000.0,0.0,0.34,0,0,1,0.2446,0,0.0,1,37.0,36.65,0.03,0,37.0,-179.63,0.0,0,0.0,0,27.0,27.29,62.43,66.75,80.76,95.83,1,0,0.0,0.0,0.0,0.0,0,0,1,,2026-09-16T15:03:19.153000+02:00
1789563800152,2026-09-16T13:03:20.152898+00:00,0,0.0,0.0,0,0.0,0.0,0,0.0,0.0,0,0.0,0.0,0,1000.0,0.0,0.34,0,1000.0,0.0,0.34,0,0,1,0.2451,0,0.0,1,37.0,36.64,0.03,0,37.0,-184.57,0.0,0,0.0,0,27.0,27.3,62.39,66.73,80.59,95.94,1,0,0.0,0.0,0.0,0.0,0,0,1,,2026-09-16T15:03:20.152000+02:00
1789563801153,2026-09-16T13:03:21.153410+00:00,0,0.0,0.0,0,0.0,0.0,0,0.0,0.0,0,0.0,0.0,0,1000.0,0.0,0.34,0,1000.0,0.0,0.34,0,0,1,0.244,0,0.0,1,37.0,36.65,0.03,0,37.0,-168.98,0.0,0,0.0,0,28.0,27.29,62.4,66.73,80.56,96.17,1,0,0.0,0.0,0.0,0.0,0,0,1,,2026-09-16T15:03:21.153000+02:00
1789563802153,2026-09-16T13:03:22.153603+00:00,0,0.0,0.0,0,0.0,0.0,0,0.0,0.0,0,0.0,0.0,0,1000.0,0.0,0.34,0,1000.0,0.0,0.34,0,0,1,0.2446,0,0.0,1,37.0,36.65,0.03,0,37.0,-171.29,0.0,0,0.0,0,28.0,27.29,62.42,66.79,80.52,96.8,1,0,0.0,0.0,0.0,0.0,0,0,1,,2026-09-16T15:03:22.153000+02:00
1789563803154,2026-09-16T13:03:23.154420+00:00,0,0.0,0.0,0,0.0,0.0,0,0.0,0.0,0,0.0,0.0,0,1000.0,0.0,0.34,0,1000.0,0.0,0.34,0,0,1,0.2446,0,0.0,1,37.0,36.66,0.03,0,37.0,-185.67,0.0,0,0.0,0,28.0,27.32,62.44,66.8,80.6,98.09,1,0,0.0,0.0,0.0,0.0,0,0,1,,2026-09-16T15:03:23.154000+02:00
1789563804153,2026-09-16T13:03:24.153404+00:00,0,0.0,0.0,0,0.0,0.0,0,0.0,0.0,0,0.0,0.0,0,1000.0,0.0,0.34,0,1000.0,0.0,0.34,0,0,1,0.2444,0,0.0,1,37.0,36.65,0.03,0,37.0,-180.37,0.0,0,0.0,0,28.0,27.33,62.45,66.8,80.7,98.12,1,0,0.0,0.0,0.0,0.0,0,0,1,,2026-09-16T15:03:24.153000+02:00
1789563805153,2026-09-16T13:03:25.153649+00:00,0,0.0,0.0,0,0.0,0.0,0,0.0,0.0,0,0.0,0.0,0,1000.0,0.0,0.34,0,1000.0,0.0,0.34,0,0,1,0.2453,0,0.0,1,37.0,36.65,0.03,0,37.0,-180.84,0.0,0,0.0,0,28.0,27.32,62.45,66.79,80.62,97.69,1,0,0.0,0.0,0.0,0.0,0,0,1,,2026-09-16T15:03:25.153000+02:00
1789563806153,2026-09-16T13:03:26.153276+00:00,0,0.0,0.0,0,0.0,0.0,0,0.0,0.0,0,0.0,0.0,0,1000.0,0.0,0.34,0,1000.0,0.0,0.34,0,0,1,0.2444,0,0.0,1,37.0,36.66,0.03,0,37.0,-182.52,0.0,0,0.0,0,28.0,27.32,62.44,66.77,80.53,97.86,1,0,0.0,0.0,0.0,0.0,0,0,1,,2026-09-16T15:03:26.153000+02:00
1789563807153,2026-09-16T13:03:27.153195+00:00,0,0.0,0.0,0,0.0,0.0,0,0.0,0.0,0,0.0,0.0,0,1000.0,0.0,0.34,0,1000.0,0.0,0.34,0,0,1,0.246,0,0.0,1,37.0,36.66,0.03,0,37.0,-188.09,0.0,0,0.0,0,28.0,27.31,62.43,66.75,80.52,98.69,1,0,0.0,0.0,0.0,0.0,0,0,1,,2026-09-16T15:03:27.153000+02:00
1789563808153,2026-09-16T13:03:28.153062+00:00,0,0.0,0.0,0,0.0,0.0,0,0.0,0.0,0,0.0,0.0,0,1000.0,0.0,0.34,0,1000.0,0.0,0.34,0,0,1,0.2458,0,0.0,1,37.0,36.67,0.03,0,37.0,-181.57,0.0,0,0.0,0,28.0,27.3,62.41,66.76,80.56,99.16,1,0,0.0,0.0,0.0,0.0,0,0,1,,2026-09-16T15:03:28.153000+02:00
1789563809153,2026-09-16T13:03:29.153127+00:00,0,0.0,0.0,0,0.0,0.0,0,0.0,0.0,0,0.0,0.0,0,1000.0,0.0,0.34,0,1000.0,0.0,0.34,0,0,1,0.246,0,0.0,1,37.0,36.66,0.03,0,37.0,-174.32,0.0,0,0.0,0,28.0,27.3,62.38,66.82,80.64,97.78,1,0,0.0,0.0,0.0,0.0,0,0,1,,2026-09-16T15:03:29.153000+02:00
1789563810152,2026-09-16T13:03:30.152989+00:00,0,0.0,0.0,0,0.0,0.0,0,0.0,0.0,0,0.0,0.0,0,1000.0,0.0,0.34,0,1000.0,0.0,0.34,0,0,1,0.2455,0,0.0,1,37.0,36.67,0.03,0,37.0,-179.44,0.0,0,0.0,0,28.0,27.3,62.38,66.84,80.64,97.92,1,0,0.0,0.0,0.0,0.0,0,0,1,,2026-09-16T15:03:30.152000+02:00
1789563811153,2026-09-16T13:03:31.153568+00:00,0,0.0,0.0,0,0.0,0.0,0,0.0,0.0,0,0.0,0.0,0,1000.0,0.0,0.34,0,1000.0,0.0,0.34,0,0,1,0.2446,0,0.0,1,37.0,36.67,0.03,0,37.0,-175.62,0.0,0,0.0,0,28.0,27.3,62.36,66.85,80.66,97.62,1,0,0.0,0.0,0.0,0.0,0,0,1,,2026-09-16T15:03:31.153000+02:00
1789563812154,2026-09-16T13:03:32.154195+00:00,0,0.0,0.0,0,0.0,0.0,0,0.0,0.0,0,0.0,0.0,0,1000.0,0.0,0.34,0,1000.0,0.0,0.34,0,0,1,0.2451,0,0.0,1,37.0,36.68,0.03,0,37.0,-187.51,0.0,0,0.0,0,28.0,27.29,62.4,66.83,80.61,97.02,1,0,0.0,0.0,0.0,0.0,0,0,1,,2026-09-16T15:03:32.154000+02:00
1789563813152,2026-09-16T13:03:33.152922+00:00,0,0.0,0.0,0,0.0,0.0,0,0.0,0.0,0,0.0,0.0,0,1000.0,0.0,0.34,0,1000.0,0.0,0.34,0,0,1,0.2453,0,0.0,1,37.0,36.68,0.03,0,37.0,-179.22,0.0,0,0.0,0,28.0,27.29,62.43,66.78,80.62,97.05,1,0,0.0,0.0,0.0,0.0,0,0,1,,2026-09-16T15:03:33.152000+02:00
1789563814154,2026-09-16T13:03:34.154061+00:00,0,0.0,0.0,0,0.0,0.0,0,0.0,0.0,0,0.0,0.0,0,1000.0,0.0,0.34,0,1000.0,0.0,0.34,0,0,1,0.2449,0,0.0,1,37.0,36.66,0.03,0,37.0,-185.64,0.0,0,0.0,0,28.0,27.29,62.41,66.75,80.53,96.85,1,0,0.0,0.0,0.0,0.0,0,0,1,,2026-09-16T15:03:34.154000+02:00
1789563815153,2026-09-16T13:03:35.153770+00:00,0,0.0,0.0,0,0.0,0.0,0,0.0,0.0,0,0.0,0.0,0,1000.0,0.0,0.34,0,1000.0,0.0,0.34,0,0,1,0.246,0,0.0,1,37.0,36.67,0.03,0,37.0,-192.34,0.0,0,0.0,0,28.0,27.3,62.41,66.75,80.52,97.83,1,0,0.0,0.0,0.0,0.0,0,0,1,,2026-09-16T15:03:35.153000+02:00
1789563816153,2026-09-16T13:03:36.153213+00:00,0,0.0,0.0,0,0.0,0.0,0,0.0,0.0,0,0.0,0.0,0,1000.0,0.0,0.34,0,1000.0,0.0,0.34,0,0,1,0.2453,0,0.0,1,37.0,36.68,0.03,0,37.0,-187.5,0.0,0,0.0,0,28.0,27.3,62.42,66.73,80.41,97.63,1,0,0.0,0.0,0.0,0.0,0,0,1,,2026-09-16T15:03:36.153000+02:00
1789563817153,2026-09-16T13:03:37.153426+00:00,0,0.0,0.0,0,0.0,0.0,0,0.0,0.0,0,0.0,0.0,0,1000.0,0.0,0.34,0,1000.0,0.0,0.34,0,0,1,0.2455,0,0.0,1,37.0,36.69,0.03,0,37.0,-172.39,0.0,0,0.0,0,28.0,27.31,62.39,66.71,80.34,97.04,1,0,0.0,0.0,0.0,0.0,0,0,1,,2026-09-16T15:03:37.153000+02:00
1789563818153,2026-09-16T13:03:38.153343+00:00,0,0.0,0.0,0,0.0,0.0,0,0.0,0.0,0,0.0,0.0,0,1000.0,0.0,0.34,0,1000.0,0.0,0.34,0,0,1,0.2449,0,0.0,1,37.0,36.68,0.03,0,37.0,-176.17,0.0,0,0.0,0,28.0,27.3,62.38,66.7,80.38,97.32,1,0,0.0,0.0,0.0,0.0,0,0,1,,2026-09-16T15:03:38.153000+02:00
1789563819153,2026-09-16T13:03:39.153017+00:00,0,0.0,0.0,0,0.0,0.0,0,0.0,0.0,0,0.0,0.0,0,1000.0,0.0,0.34,0,1000.0,0.0,0.34,0,0,1,0.2444,0,0.0,1,37.0,36.7,0.03,0,37.0,-172.55,0.0,0,0.0,0,28.0,27.31,62.39,66.74,80.43,97.71,1,0,0.0,0.0,0.0,0.0,0,0,1,,2026-09-16T15:03:39.153000+02:00
1789563820153,2026-09-16T13:03:40.153351+00:00,0,0.0,0.0,0,0.0,0.0,0,0.0,0.0,0,0.0,0.0,0,1000.0,0.0,0.34,0,1000.0,0.0,0.34,0,0,1,0.2449,0,0.0,1,37.0,36.68,0.03,0,37.0,-183.18,0.0,0,0.0,0,28.0,27.31,62.39,66.74,80.48,96.98,1,0,0.0,0.0,0.0,0.0,0,0,1,,2026-09-16T15:03:40.153000+02:00
1789563821153,2026-09-16T13:03:41.153279+00:00,0,0.0,0.0,0,0.0,0.0,0,0.0,0.0,0,0.0,0.0,0,1000.0,0.0,0.34,0,1000.0,0.0,0.34,0,0,1,0.2455,0,0.0,1,37.0,36.68,0.03,0,37.0,-176.14,0.0,0,0.0,0,28.0,27.31,62.37,66.73,80.58,96.52,1,0,0.0,0.0,0.0,0.0,0,0,1,,2026-09-16T15:03:41.153000+02:00
1789563822152,2026-09-16T13:03:42.152843+00:00,0,0.0,0.0,0,0.0,0.0,0,0.0,0.0,0,0.0,0.0,0,1000.0,0.0,0.34,0,1000.0,0.0,0.34,0,0,1,0.2453,0,0.0,1,37.0,36.68,0.03,0,37.0,-179.79,0.0,0,0.0,0,28.0,27.29,62.36,66.73,80.64,96.83,1,0,0.0,0.0,0.0,0.0,0,0,1,,2026-09-16T15:03:42.152000+02:00
1789563823153,2026-09-16T13:03:43.153076+00:00,0,0.0,0.0,0,0.0,0.0,0,0.0,0.0,0,0.0,0.0,0,1000.0,0.0,0.34,0,1000.0,0.0,0.34,0,0,1,0.2455,0,0.0,1,37.0,36.68,0.03,0,37.0,-186.6,0.0,0,0.0,0,28.0,27.29,62.37,66.72,80.6,96.45,1,0,0.0,0.0,0.0,0.0,0,0,1,,2026-09-16T15:03:43.153000+02:00
1789563824153,2026-09-16T13:03:44.153724+00:00,0,0.0,0.0,0,0.0,0.0,0,0.0,0.0,0,0.0,0.0,0,1000.0,0.0,0.34,0,1000.0,0.0,0.34,0,0,1,0.2442,0,0.0,1,37.0,36.66,0.03,0,37.0,-174.07,0.0,0,0.0,0,28.0,27.3,62.36,66.76,80.62,96.43,1,0,0.0,0.0,0.0,0.0,0,0,1,,2026-09-16T15:03:44.153000+02:00
1789563825153,2026-09-16T13:03:45.153574+00:00,0,0.0,0.0,0,0.0,0.0,0,0.0,0.0,0,0.0,0.0,0,1000.0,0.0,0.34,0,1000.0,0.0,0.34,0,0,1,0.2449,0,0.0,1,37.0,36.67,0.04,0,37.0,-172.47,0.0,0,0.0,0,26.0,27.3,62.36,66.78,80.72,97.04,1,0,0.0,0.0,0.0,0.0,0,0,1,,2026-09-16T15:03:45.153000+02:00
1789563826153,2026-09-16T13:03:46.153019+00:00,0,0.0,0.0,0,0.0,0.0,0,0.0,0.0,0,0.0,0.0,0,1000.0,0.0,0.34,0,1000.0,0.0,0.34,0,0,1,0.2455,0,0.0,1,37.0,36.66,0.04,0,37.0,-164.13,0.0,0,0.0,0,26.0,27.29,62.34,66.74,80.77,97.02,1,0,0.0,0.0,0.0,0.0,0,0,1,,2026-09-16T15:03:46.153000+02:00
1789563827153,2026-09-16T13:03:47.153617+00:00,0,0.0,0.0,0,0.0,0.0,0,0.0,0.0,0,0.0,0.0,0,1000.0,0.0,0.34,0,1000.0,0.0,0.34,0,0,1,0.2455,0,0.0,1,37.0,36.67,0.04,0,37.0,-183.49,0.0,0,0.0,0,26.0,27.28,62.32,66.71,80.68,96.52,1,0,0.0,0.0,0.0,0.0,0,0,1,,2026-09-16T15:03:47.153000+02:00
1789563828153,2026-09-16T13:03:48.153377+00:00,0,0.0,0.0,0,0.0,0.0,0,0.0,0.0,0,0.0,0.0,0,1000.0,0.0,0.34,0,1000.0,0.0,0.34,0,0,1,0.2449,0,0.0,1,37.0,36.68,0.04,0,37.0,-181.53,0.0,0,0.0,0,26.0,27.28,62.31,66.7,80.59,96.76,1,0,0.0,0.0,0.0,0.0,0,0,1,,2026-09-16T15:03:48.153000+02:00
1789563829154,2026-09-16T13:03:49.154329+00:00,0,0.0,0.0,0,0.0,0.0,0,0.0,0.0,0,0.0,0.0,0,1000.0,0.0,0.34,0,1000.0,0.0,0.34,0,0,1,0.244,0,0.0,1,37.0,36.66,0.04,0,37.0,-179.67,0.0,0,0.0,0,26.0,27.27,62.31,66.73,80.53,96.22,1,0,0.0,0.0,0.0,0.0,0,0,1,,2026-09-16T15:03:49.154000+02:00
1789563830153,2026-09-16T13:03:50.153556+00:00,0,0.0,0.0,0,0.0,0.0,0,0.0,0.0,0,0.0,0.0,0,1000.0,0.0,0.34,0,1000.0,0.0,0.34,0,0,1,0.2442,0,0.0,1,37.0,36.66,0.04,0,37.0,-180.25,0.0,0,0.0,0,27.0,27.28,62.32,66.77,80.45,96.73,1,0,0.0,0.0,0.0,0.0,0,0,1,,2026-09-16T15:03:50.153000+02:00
1789563831153,2026-09-16T13:03:51.153336+00:00,0,0.0,0.0,0,0.0,0.0,0,0.0,0.0,0,0.0,0.0,0,1000.0,0.0,0.34,0,1000.0,0.0,0.34,0,0,1,0.2437,0,0.0,1,37.0,36.67,0.04,0,37.0,-175.76,0.0,0,0.0,0,27.0,27.28,62.35,66.78,80.41,97.86,1,0,0.0,0.0,0.0,0.0,0,0,1,,2026-09-16T15:03:51.153000+02:00
1789563832153,2026-09-16T13:03:52.153137+00:00,0,0.0,0.0,0,0.0,0.0,0,0.0,0.0,0,0.0,0.0,0,1000.0,0.0,0.34,0,1000.0,0.0,0.34,0,0,1,0.2435,0,0.0,1,37.0,36.69,0.04,0,37.0,-179.05,0.0,0,0.0,0,27.0,27.29,62.36,66.81,80.41,99.09,1,0,0.0,0.0,0.0,0.0,0,0,1,,2026-09-16T15:03:52.153000+02:00
1789563833153,2026-09-16T13:03:53.153124+00:00,0,0.0,0.0,0,0.0,0.0,0,0.0,0.0,0,0.0,0.0,0,1000.0,0.0,0.34,0,1000.0,0.0,0.34,0,0,1,0.244,0,0.0,1,37.0,36.68,0.04,0,37.0,-177.89,0.0,0,0.0,0,27.0,27.29,62.38,66.82,80.43,98.95,1,0,0.0,0.0,0.0,0.0,0,0,1,,2026-09-16T15:03:53.153000+02:00
1789563834153,2026-09-16T13:03:54.153108+00:00,0,0.0,0.0,0,0.0,0.0,0,0.0,0.0,0,0.0,0.0,0,1000.0,0.0,0.34,0,1000.0,0.0,0.34,0,0,1,0.2433,0,0.0,1,37.0,36.68,0.04,0,37.0,-169.85,0.0,0,0.0,0,27.0,27.3,62.37,66.83,80.44,98.02,1,0,0.0,0.0,0.0,0.0,0,0,1,,2026-09-16T15:03:54.153000+02:00
1789563835152,2026-09-16T13:03:55.152934+00:00,0,0.0,0.0,0,0.0,0.0,0,0.0,0.0,0,0.0,0.0,0,1000.0,0.0,0.34,0,1000.0,0.0,0.34,0,0,1,0.2435,0,0.0,1,37.0,36.69,0.04,0,37.0,-172.93,0.0,0,0.0,0,28.0,27.31,62.37,66.81,80.36,98.24,1,0,0.0,0.0,0.0,0.0,0,0,1,,2026-09-16T15:03:55.152000+02:00
1789563836153,2026-09-16T13:03:56.153688+00:00,0,0.0,0.0,0,0.0,0.0,0,0.0,0.0,0,0.0,0.0,0,1000.0,0.0,0.34,0,1000.0,0.0,0.34,0,0,1,0.2433,0,0.0,1,37.0,36.68,0.04,0,37.0,-198.84,0.0,0,0.0,0,28.0,27.31,62.37,66.82,80.38,98.08,1,0,0.0,0.0,0.0,0.0,0,0,1,,2026-09-16T15:03:56.153000+02:00
1789563837153,2026-09-16T13:03:57.153308+00:00,0,0.0,0.0,0,0.0,0.0,0,0.0,0.0,0,0.0,0.0,0,1000.0,0.0,0.34,0,1000.0,0.0,0.34,0,0,1,0.2435,0,0.0,1,37.0,36.69,0.04,0,37.0,-176.83,0.0,0,0.0,0,28.0,27.32,62.37,66.85,80.38,97.59,1,0,0.0,0.0,0.0,0.0,0,0,1,,2026-09-16T15:03:57.153000+02:00
1789563838153,2026-09-16T13:03:58.153701+00:00,0,0.0,0.0,0,0.0,0.0,0,0.0,0.0,0,0.0,0.0,0,1000.0,0.0,0.34,0,1000.0,0.0,0.34,0,0,1,0.2424,0,0.0,1,37.0,36.7,0.04,0,37.0,-178.85,0.0,0,0.0,0,28.0,27.32,62.35,66.87,80.49,97.48,1,0,0.0,0.0,0.0,0.0,0,0,1,,2026-09-16T15:03:58.153000+02:00
1789563839153,2026-09-16T13:03:59.153454+00:00,0,0.0,0.0,0,0.0,0.0,0,0.0,0.0,0,0.0,0.0,0,1000.0,0.0,0.34,0,1000.0,0.0,0.34,0,0,1,0.2422,0,0.0,1,37.0,36.7,0.04,0,37.0,-175.54,0.0,0,0.0,0,28.0,27.33,62.36,66.84,80.54,97.33,1,0,0.0,0.0,0.0,0.0,0,0,1,,2026-09-16T15:03:59.153000+02:00
1789563840153,2026-09-16T13:04:00.153310+00:00,0,0.0,0.0,0,0.0,0.0,0,0.0,0.0,0,0.0,0.0,0,1000.0,0.0,0.34,0,1000.0,0.0,0.34,0,0,1,0.2435,0,0.0,1,37.0,36.7,0.04,0,37.0,-182.03,0.0,0,0.0,0,27.0,27.33,62.36,66.83,80.64,97.46,1,0,0.0,0.0,0.0,0.0,0,0,1,,2026-09-16T15:04:00.153000+02:00
1789563841152,2026-09-16T13:04:01.152958+00:00,0,0.0,0.0,0,0.0,0.0,0,0.0,0.0,0,0.0,0.0,0,1000.0,0.0,0.34,0,1000.0,0.0,0.34,0,0,1,0.2424,0,0.0,1,37.0,36.71,0.04,0,37.0,-177.04,0.0,0,0.0,0,27.0,27.34,62.38,66.83,80.7,96.71,1,0,0.0,0.0,0.0,0.0,0,0,1,,2026-09-16T15:04:01.152000+02:00
1789563842153,2026-09-16T13:04:02.153838+00:00,0,0.0,0.0,0,0.0,0.0,0,0.0,0.0,0,0.0,0.0,0,1000.0,0.0,0.34,0,1000.0,0.0,0.34,0,0,1,0.2431,0,0.0,1,37.0,36.71,0.04,0,37.0,-163.59,0.0,0,0.0,0,27.0,27.34,62.39,66.84,80.75,97.36,1,0,0.0,0.0,0.0,0.0,0,0,1,,2026-09-16T15:04:02.153000+02:00
1789563843153,2026-09-16T13:04:03.153573+00:00,0,0.0,0.0,0,0.0,0.0,0,0.0,0.0,0,0.0,0.0,0,1000.0,0.0,0.34,0,1000.0,0.0,0.34,0,0,1,0.2422,0,0.0,1,37.0,36.72,0.04,0,37.0,-186.18,0.0,0,0.0,0,27.0,27.34,62.41,66.83,80.72,98.36,1,0,0.0,0.0,0.0,0.0,0,0,1,,2026-09-16T15:04:03.153000+02:00
1789563844153,2026-09-16T13:04:04.153540+00:00,0,0.0,0.0,0,0.0,0.0,0,0.0,0.0,0,0.0,0.0,0,1000.0,0.0,0.34,0,1000.0,0.0,0.34,0,0,1,0.2424,0,0.0,1,37.0,36.72,0.03,0,37.0,-178.87,0.0,0,0.0,0,27.0,27.34,62.41,66.82,80.71,98.56,1,0,0.0,0.0,0.0,0.0,0,0,1,,2026-09-16T15:04:04.153000+02:00
1789563845153,2026-09-16T13:04:05.153131+00:00,0,0.0,0.0,0,0.0,0.0,0,0.0,0.0,0,0.0,0.0,0,1000.0,0.0,0.34,0,1000.0,0.0,0.34,0,0,1,0.2422,0,0.0,1,37.0,36.72,0.03,0,37.0,-189.63,0.0,0,0.0,0,29.0,27.33,62.42,66.79,80.74,98.31,1,0,0.0,0.0,0.0,0.0,0,0,1,,2026-09-16T15:04:05.153000+02:00
1789563846153,2026-09-16T13:04:06.153643+00:00,0,0.0,0.0,0,0.0,0.0,0,0.0,0.0,0,0.0,0.0,0,1000.0,0.0,0.34,0,1000.0,0.0,0.34,0,0,1,0.2426,0,0.0,1,37.0,36.72,0.03,0,37.0,-176.14,0.0,0,0.0,0,29.0,27.32,62.4,66.75,80.7,98.38,1,0,0.0,0.0,0.0,0.0,0,0,1,,2026-09-16T15:04:06.153000+02:00
1789563847153,2026-09-16T13:04:07.153284+00:00,0,0.0,0.0,0,0.0,0.0,0,0.0,0.0,0,0.0,0.0,0,1000.0,0.0,0.34,0,1000.0,0.0,0.34,0,0,1,0.2424,0,0.0,1,37.0,36.72,0.03,0,37.0,-176.36,0.0,0,0.0,0,29.0,27.31,62.37,66.74,80.59,98.44,1,0,0.0,0.0,0.0,0.0,0,0,1,,2026-09-16T15:04:07.153000+02:00
1789563848152,2026-09-16T13:04:08.152995+00:00,0,0.0,0.0,0,0.0,0.0,0,0.0,0.0,0,0.0,0.0,0,1000.0,0.0,0.34,0,1000.0,0.0,0.34,0,0,1,0.2433,0,0.0,1,37.0,36.73,0.03,0,37.0,-182.53,0.0,0,0.0,0,29.0,27.31,62.37,66.76,80.71,98.85,1,0,0.0,0.0,0.0,0.0,0,0,1,,2026-09-16T15:04:08.152000+02:00
1789563849153,2026-09-16T13:04:09.153426+00:00,0,0.0,0.0,0,0.0,0.0,0,0.0,0.0,0,0.0,0.0,0,1000.0,0.0,0.34,0,1000.0,0.0,0.34,0,0,1,0.2426,0,0.0,1,37.0,36.74,0.03,0,37.0,-173.11,0.0,0,0.0,0,29.0,27.33,62.37,66.78,80.72,98.55,1,0,0.0,0.0,0.0,0.0,0,0,1,,2026-09-16T15:04:09.153000+02:00
1789563850152,2026-09-16T13:04:10.152949+00:00,0,0.0,0.0,0,0.0,0.0,0,0.0,0.0,0,0.0,0.0,0,1000.0,0.0,0.34,0,1000.0,0.0,0.34,0,0,1,0.2431,0,0.0,1,37.0,36.73,0.03,0,37.0,-187.94,0.0,0,0.0,0,28.0,27.33,62.38,66.75,80.68,98.23,1,0,0.0,0.0,0.0,0.0,0,0,1,,2026-09-16T15:04:10.152000+02:00
1789563851153,2026-09-16T13:04:11.153351+00:00,0,0.0,0.0,0,0.0,0.0,0,0.0,0.0,0,0.0,0.0,0,1000.0,0.0,0.34,0,1000.0,0.0,0.34,0,0,1,0.2435,0,0.0,1,37.0,36.75,0.03,0,37.0,-181.52,0.0,0,0.0,0,28.0,27.33,62.39,66.74,80.66,97.34,1,0,0.0,0.0,0.0,0.0,0,0,1,,2026-09-16T15:04:11.153000+02:00
1789563852153,2026-09-16T13:04:12.153260+00:00,0,0.0,0.0,0,0.0,0.0,0,0.0,0.0,0,0.0,0.0,0,1000.0,0.0,0.34,0,1000.0,0.0,0.34,0,0,1,0.2417,0,0.0,1,37.0,36.74,0.03,0,37.0,-182.27,0.0,0,0.0,0,28.0,27.33,62.39,66.75,80.75,96.45,1,0,0.0,0.0,0.0,0.0,0,0,1,,2026-09-16T15:04:12.153000+02:00
1789563853152,2026-09-16T13:04:13.152993+00:00,0,0.0,0.0,0,0.0,0.0,0,0.0,0.0,0,0.0,0.0,0,1000.0,0.0,0.34,0,1000.0,0.0,0.34,0,0,1,0.2422,0,0.0,1,37.0,36.74,0.03,0,37.0,-179.65,0.0,0,0.0,0,28.0,27.33,62.36,66.77,80.69,95.8,1,0,0.0,0.0,0.0,0.0,0,0,1,,2026-09-16T15:04:13.152000+02:00
1789563854153,2026-09-16T13:04:14.153029+00:00,0,0.0,0.0,0,0.0,0.0,0,0.0,0.0,0,0.0,0.0,0,1000.0,0.0,0.34,0,1000.0,0.0,0.34,0,0,1,0.2424,0,0.0,1,37.0,36.74,0.03,0,37.0,-174.32,0.0,0,0.0,0,28.0,27.33,62.33,66.78,80.7,96.11,1,0,0.0,0.0,0.0,0.0,0,0,1,,2026-09-16T15:04:14.153000+02:00
1789563855153,2026-09-16T13:04:15.153589+00:00,0,0.0,0.0,0,0.0,0.0,0,0.0,0.0,0,0.0,0.0,0,1000.0,0.0,0.34,0,1000.0,0.0,0.34,0,0,1,0.2428,0,0.0,1,37.0,36.76,0.03,0,37.0,-172.75,0.0,0,0.0,0,27.0,27.34,62.34,66.8,80.63,95.97,1,0,0.0,0.0,0.0,0.0,0,0,1,,2026-09-16T15:04:15.153000+02:00
1789563856152,2026-09-16T13:04:16.152944+00:00,0,0.0,0.0,0,0.0,0.0,0,0.0,0.0,0,0.0,0.0,0,1000.0,0.0,0.34,0,1000.0,0.0,0.34,0,0,1,0.2435,0,0.0,1,37.0,36.76,0.03,0,37.0,-172.77,0.0,0,0.0,0,27.0,27.35,62.39,66.8,80.57,96.87,1,0,0.0,0.0,0.0,0.0,0,0,1,,2026-09-16T15:04:16.152000+02:00
1789563857152,2026-09-16T13:04:17.152871+00:00,0,0.0,0.0,0,0.0,0.0,0,0.0,0.0,0,0.0,0.0,0,1000.0,0.0,0.34,0,1000.0,0.0,0.34,0,0,1,0.2424,0,0.0,1,37.0,36.75,0.03,0,37.0,-179.79,0.0,0,0.0,0,27.0,27.36,62.4,66.76,80.48,96.9,1,0,0.0,0.0,0.0,0.0,0,0,1,,2026-09-16T15:04:17.152000+02:00
1789563858154,2026-09-16T13:04:18.154197+00:00,0,0.0,0.0,0,0.0,0.0,0,0.0,0.0,0,0.0,0.0,0,1000.0,0.0,0.34,0,1000.0,0.0,0.34,0,0,1,0.2431,0,0.0,1,37.0,36.77,0.03,0,37.0,-168.44,0.0,0,0.0,0,27.0,27.36,62.41,66.71,80.48,97.35,1,0,0.0,0.0,0.0,0.0,0,0,1,,2026-09-16T15:04:18.154000+02:00
1789563859153,2026-09-16T13:04:19.153043+00:00,0,0.0,0.0,0,0.0,0.0,0,0.0,0.0,0,0.0,0.0,0,1000.0,0.0,0.34,0,1000.0,0.0,0.34,0,0,1,0.2435,0,0.0,1,37.0,36.77,0.03,0,37.0,-183.87,0.0,0,0.0,0,27.0,27.35,62.44,66.69,80.56,96.59,1,0,0.0,0.0,0.0,0.0,0,0,1,,2026-09-16T15:04:19.153000+02:00
1789563860153,2026-09-16T13:04:20.153243+00:00,0,0.0,0.0,0,0.0,0.0,0,0.0,0.0,0,0.0,0.0,0,1000.0,0.0,0.34,0,1000.0,0.0,0.34,0,0,1,0.2437,0,0.0,1,37.0,36.76,0.03,0,37.0,-171.9,0.0,0,0.0,0,28.0,27.33,62.42,66.64,80.53,97.02,1,0,0.0,0.0,0.0,0.0,0,0,1,,2026-09-16T15:04:20.153000+02:00
1789563861153,2026-09-16T13:04:21.153243+00:00,0,0.0,0.0,0,0.0,0.0,0,0.0,0.0,0,0.0,0.0,0,1000.0,0.0,0.34,0,1000.0,0.0,0.34,0,0,1,0.2431,0,0.0,1,37.0,36.76,0.03,0,37.0,-163.38,0.0,0,0.0,0,28.0,27.33,62.42,66.65,80.61,98.12,1,0,0.0,0.0,0.0,0.0,0,0,1,,2026-09-16T15:04:21.153000+02:00
1789563862153,2026-09-16T13:04:22.153813+00:00,0,0.0,0.0,0,0.0,0.0,0,0.0,0.0,0,0.0,0.0,0,1000.0,0.0,0.34,0,1000.0,0.0,0.34,0,0,1,0.2428,0,0.0,1,37.0,36.77,0.03,0,37.0,-178.31,0.0,0,0.0,0,28.0,27.33,62.41,66.68,80.72,98.21,1,0,0.0,0.0,0.0,0.0,0,0,1,,2026-09-16T15:04:22.153000+02:00
1789563863152,2026-09-16T13:04:23.152974+00:00,0,0.0,0.0,0,0.0,0.0,0,0.0,0.0,0,0.0,0.0,0,1000.0,0.0,0.34,0,1000.0,0.0,0.34,0,0,1,0.2428,0,0.0,1,37.0,36.78,0.03,0,37.0,-177.14,0.0,0,0.0,0,28.0,27.32,62.41,66.71,80.81,98.15,1,0,0.0,0.0,0.0,0.0,0,0,1,,2026-09-16T15:04:23.152000+02:00
1789563864153,2026-09-16T13:04:24.153886+00:00,0,0.0,0.0,0,0.0,0.0,0,0.0,0.0,0,0.0,0.0,0,1000.0,0.0,0.34,0,1000.0,0.0,0.34,0,0,1,0.2426,0,0.0,1,37.0,36.77,0.03,0,37.0,-180.45,0.0,0,0.0,0,28.0,27.32,62.41,66.71,80.8,98.09,1,0,0.0,0.0,0.0,0.0,0,0,1,,2026-09-16T15:04:24.153000+02:00
1789563865153,2026-09-16T13:04:25.153617+00:00,0,0.0,0.0,0,0.0,0.0,0,0.0,0.0,0,0.0,0.0,0,1000.0,0.0,0.34,0,1000.0,0.0,0.34,0,0,1,0.2431,0,0.0,1,37.0,36.77,0.03,0,37.0,-187.57,0.0,0,0.0,0,28.0,27.32,62.41,66.75,80.76,98.35,1,0,0.0,0.0,0.0,0.0,0,0,1,,2026-09-16T15:04:25.153000+02:00
1789563866153,2026-09-16T13:04:26.153004+00:00,0,0.0,0.0,0,0.0,0.0,0,0.0,0.0,0,0.0,0.0,0,1000.0,0.0,0.34,0,1000.0,0.0,0.34,0,0,1,0.2437,0,0.0,1,37.0,36.77,0.03,0,37.0,-184.78,0.0,0,0.0,0,28.0,27.32,62.39,66.77,80.74,98.29,1,0,0.0,0.0,0.0,0.0,0,0,1,,2026-09-16T15:04:26.153000+02:00
1789563867152,2026-09-16T13:04:27.152987+00:00,0,0.0,0.0,0,0.0,0.0,0,0.0,0.0,0,0.0,0.0,0,1000.0,0.0,0.34,0,1000.0,0.0,0.34,0,0,1,0.2431,0,0.0,1,37.0,36.78,0.03,0,37.0,-176.8,0.0,0,0.0,0,28.0,27.31,62.38,66.76,80.72,98.24,1,0,0.0,0.0,0.0,0.0,0,0,1,,2026-09-16T15:04:27.152000+02:00
1789563868153,2026-09-16T13:04:28.153575+00:00,0,0.0,0.0,0,0.0,0.0,0,0.0,0.0,0,0.0,0.0,0,1000.0,0.0,0.34,0,1000.0,0.0,0.34,0,0,1,0.2433,0,0.0,1,37.0,36.77,0.03,0,37.0,-196.36,0.0,0,0.0,0,28.0,27.3,62.37,66.77,80.63,97.89,1,0,0.0,0.0,0.0,0.0,0,0,1,,2026-09-16T15:04:28.153000+02:00
1789563869153,2026-09-16T13:04:29.153634+00:00,0,0.0,0.0,0,0.0,0.0,0,0.0,0.0,0,0.0,0.0,0,1000.0,0.0,0.34,0,1000.0,0.0,0.34,0,0,1,0.2435,0,0.0,1,37.0,36.77,0.03,0,37.0,-166.71,0.0,0,0.0,0,27.0,27.33,62.36,66.76,80.54,97.24,1,0,0.0,0.0,0.0,0.0,0,0,1,,2026-09-16T15:04:29.153000+02:00
1789563870152,2026-09-16T13:04:30.152838+00:00,0,0.0,0.0,0,0.0,0.0,0,0.0,0.0,0,0.0,0.0,0,1000.0,0.0,0.34,0,1000.0,0.0,0.34,0,0,1,0.2442,0,0.0,1,37.0,36.77,0.03,0,37.0,-181.89,0.0,0,0.0,0,27.0,27.35,62.33,66.75,80.52,96.37,1,0,0.0,0.0,0.0,0.0,0,0,1,,2026-09-16T15:04:30.152000+02:00
1789563871153,2026-09-16T13:04:31.153126+00:00,0,0.0,0.0,0,0.0,0.0,0,0.0,0.0,0,0.0,0.0,0,1000.0,0.0,0.34,0,1000.0,0.0,0.34,0,0,1,0.2442,0,0.0,1,37.0,36.78,0.03,0,37.0,-185.14,0.0,0,0.0,0,27.0,27.35,62.33,66.74,80.46,95.57,1,0,0.0,0.0,0.0,0.0,0,0,1,,2026-09-16T15:04:31.153000+02:00
1789563872153,2026-09-16T13:04:32.153521+00:00,0,0.0,0.0,0,0.0,0.0,0,0.0,0.0,0,0.0,0.0,0,1000.0,0.0,0.34,0,1000.0,0.0,0.34,0,0,1,0.244,0,0.0,1,37.0,36.78,0.03,0,37.0,-178.62,0.0,0,0.0,0,27.0,27.35,62.32,66.72,80.44,95.61,1,0,0.0,0.0,0.0,0.0,0,0,1,,2026-09-16T15:04:32.153000+02:00
1789563873152,2026-09-16T13:04:33.152791+00:00,0,0.0,0.0,0,0.0,0.0,0,0.0,0.0,0,0.0,0.0,0,1000.0,0.0,0.34,0,1000.0,0.0,0.34,0,0,1,0.2437,0,0.0,1,37.0,36.78,0.03,0,37.0,-179.66,0.0,0,0.0,0,27.0,27.35,62.33,66.69,80.47,96.88,1,0,0.0,0.0,0.0,0.0,0,0,1,,2026-09-16T15:04:33.152000+02:00
1789563874153,2026-09-16T13:04:34.153328+00:00,0,0.0,0.0,0,0.0,0.0,0,0.0,0.0,0,0.0,0.0,0,1000.0,0.0,0.34,0,1000.0,0.0,0.34,0,0,1,0.2426,0,0.0,1,37.0,36.8,0.03,0,37.0,-178.84,0.0,0,0.0,0,27.0,27.33,62.35,66.68,80.46,97.39,1,0,0.0,0.0,0.0,0.0,0,0,1,,2026-09-16T15:04:34.153000+02:00
1789563875152,2026-09-16T13:04:35.152997+00:00,0,0.0,0.0,0,0.0,0.0,0,0.0,0.0,0,0.0,0.0,0,1000.0,0.0,0.34,0,1000.0,0.0,0.34,0,0,1,0.2437,0,0.0,1,37.0,36.78,0.03,0,37.0,-179.18,0.0,0,0.0,0,27.0,27.31,62.34,66.67,80.37,97.26,1,0,0.0,0.0,0.0,0.0,0,0,1,,2026-09-16T15:04:35.152000+02:00
1789563876153,2026-09-16T13:04:36.153145+00:00,0,0.0,0.0,0,0.0,0.0,0,0.0,0.0,0,0.0,0.0,0,1000.0,0.0,0.34,0,1000.0,0.0,0.34,0,0,1,0.2431,0,0.0,1,37.0,36.78,0.03,0,37.0,-177.66,0.0,0,0.0,0,27.0,27.31,62.36,66.7,80.28,97.62,1,0,0.0,0.0,0.0,0.0,0,0,1,,2026-09-16T15:04:36.153000+02:00
1789563877153,2026-09-16T13:04:37.153227+00:00,0,0.0,0.0,0,0.0,0.0,0,0.0,0.0,0,0.0,0.0,0,1000.0,0.0,0.34,0,1000.0,0.0,0.34,0,0,1,0.2431,0,0.0,1,37.0,36.78,0.03,0,37.0,-177.48,0.0,0,0.0,0,27.0,27.3,62.38,66.76,80.29,98.09,1,0,0.0,0.0,0.0,0.0,0,0,1,,2026-09-16T15:04:37.153000+02:00
1789563878152,2026-09-16T13:04:38.152976+00:00,0,0.0,0.0,0,0.0,0.0,0,0.0,0.0,0,0.0,0.0,0,1000.0,0.0,0.34,0,1000.0,0.0,0.34,0,0,1,0.2442,0,0.0,1,37.0,36.79,0.03,0,37.0,-179.47,0.0,0,0.0,0,27.0,27.3,62.38,66.78,80.36,97.69,1,0,0.0,0.0,0.0,0.0,0,0,1,,2026-09-16T15:04:38.152000+02:00
1789563879153,2026-09-16T13:04:39.153462+00:00,0,0.0,0.0,0,0.0,0.0,0,0.0,0.0,0,0.0,0.0,0,1000.0,0.0,0.34,0,1000.0,0.0,0.34,0,0,1,0.2444,0,0.0,1,37.0,36.79,0.03,0,37.0,-181.57,0.0,0,0.0,0,26.0,27.3,62.38,66.79,80.53,98.15,1,0,0.0,0.0,0.0,0.0,0,0,1,,2026-09-16T15:04:39.153000+02:00
1789563880153,2026-09-16T13:04:40.153214+00:00,0,0.0,0.0,0,0.0,0.0,0,0.0,0.0,0,0.0,0.0,0,1000.0,0.0,0.34,0,1000.0,0.0,0.34,0,0,1,0.2442,0,0.0,1,37.0,36.8,0.03,0,37.0,-191.92,0.0,0,0.0,0,26.0,27.29,62.4,66.77,80.63,98.05,1,0,0.0,0.0,0.0,0.0,0,0,1,,2026-09-16T15:04:40.153000+02:00
1789563881153,2026-09-16T13:04:41.153556+00:00,0,0.0,0.0,0,0.0,0.0,0,0.0,0.0,0,0.0,0.0,0,1000.0,0.0,0.34,0,1000.0,0.0,0.34,0,0,1,0.2442,0,0.0,1,37.0,36.79,0.03,0,37.0,-186.42,0.0,0,0.0,0,26.0,27.29,62.42,66.73,80.66,97.44,1,0,0.0,0.0,0.0,0.0,0,0,1,,2026-09-16T15:04:41.153000+02:00
1789563882153,2026-09-16T13:04:42.153355+00:00,0,0.0,0.0,0,0.0,0.0,0,0.0,0.0,0,0.0,0.0,0,1000.0,0.0,0.34,0,1000.0,0.0,0.34,0,0,1,0.2442,0,0.0,1,37.0,36.79,0.03,0,37.0,-174.1,0.0,0,0.0,0,26.0,27.3,62.4,66.72,80.73,96.97,1,0,0.0,0.0,0.0,0.0,0,0,1,,2026-09-16T15:04:42.153000+02:00
1789563883153,2026-09-16T13:04:43.153912+00:00,0,0.0,0.0,0,0.0,0.0,0,0.0,0.0,0,0.0,0.0,0,1000.0,0.0,0.34,0,1000.0,0.0,0.34,0,0,1,0.2442,0,0.0,1,37.0,36.79,0.03,0,37.0,-184.38,0.0,0,0.0,0,26.0,27.3,62.39,66.69,80.69,96.76,1,0,0.0,0.0,0.0,0.0,0,0,1,,2026-09-16T15:04:43.153000+02:00
1789563884153,2026-09-16T13:04:44.153434+00:00,0,0.0,0.0,0,0.0,0.0,0,0.0,0.0,0,0.0,0.0,0,1000.0,0.0,0.34,0,1000.0,0.0,0.34,0,0,1,0.2444,0,0.0,1,37.0,36.79,0.03,0,37.0,-178.09,0.0,0,0.0,0,28.0,27.3,62.4,66.69,80.61,97.16,1,0,0.0,0.0,0.0,0.0,0,0,1,,2026-09-16T15:04:44.153000+02:00
1789563885153,2026-09-16T13:04:45.153751+00:00,0,0.0,0.0,0,0.0,0.0,0,0.0,0.0,0,0.0,0.0,0,1000.0,0.0,0.34,0,1000.0,0.0,0.34,0,0,1,0.2446,0,0.0,1,37.0,36.79,0.03,0,37.0,-177.88,0.0,0,0.0,0,28.0,27.3,62.4,66.69,80.59,97.54,1,0,0.0,0.0,0.0,0.0,0,0,1,,2026-09-16T15:04:45.153000+02:00
1789563886153,2026-09-16T13:04:46.153373+00:00,0,0.0,0.0,0,0.0,0.0,0,0.0,0.0,0,0.0,0.0,0,1000.0,0.0,0.34,0,1000.0,0.0,0.34,0,0,1,0.2442,0,0.0,1,37.0,36.8,0.03,0,37.0,-175.29,0.0,0,0.0,0,28.0,27.29,62.4,66.74,80.59,97.24,1,0,0.0,0.0,0.0,0.0,0,0,1,,2026-09-16T15:04:46.153000+02:00
1789563887152,2026-09-16T13:04:47.152784+00:00,0,0.0,0.0,0,0.0,0.0,0,0.0,0.0,0,0.0,0.0,0,1000.0,0.0,0.34,0,1000.0,0.0,0.34,0,0,1,0.244,0,0.0,1,37.0,36.79,0.03,0,37.0,-178.83,0.0,0,0.0,0,28.0,27.29,62.41,66.84,80.6,97.13,1,0,0.0,0.0,0.0,0.0,0,0,1,,2026-09-16T15:04:47.152000+02:00
1789563888152,2026-09-16T13:04:48.152947+00:00,0,0.0,0.0,0,0.0,0.0,0,0.0,0.0,0,0.0,0.0,0,1000.0,0.0,0.34,0,1000.0,0.0,0.34,0,0,1,0.244,0,0.0,1,37.0,36.79,0.03,0,37.0,-184.44,0.0,0,0.0,0,28.0,27.29,62.42,66.87,80.66,97.49,1,0,0.0,0.0,0.0,0.0,0,0,1,,2026-09-16T15:04:48.152000+02:00
1789563889153,2026-09-16T13:04:49.153366+00:00,0,0.0,0.0,0,0.0,0.0,0,0.0,0.0,0,0.0,0.0,0,1000.0,0.0,0.34,0,1000.0,0.0,0.34,0,0,1,0.2442,0,0.0,1,37.0,36.8,0.03,0,37.0,-174.35,0.0,0,0.0,0,29.0,27.31,62.42,66.85,80.64,98.11,1,0,0.0,0.0,0.0,0.0,0,0,1,,2026-09-16T15:04:49.153000+02:00
1789563890153,2026-09-16T13:04:50.153005+00:00,0,0.0,0.0,0,0.0,0.0,0,0.0,0.0,0,0.0,0.0,0,1000.0,0.0,0.34,0,1000.0,0.0,0.34,0,0,1,0.2446,0,0.0,1,37.0,36.79,0.03,0,37.0,-181.54,0.0,0,0.0,0,29.0,27.32,62.4,66.81,80.55,98.02,1,0,0.0,0.0,0.0,0.0,0,0,1,,2026-09-16T15:04:50.153000+02:00
1789563891153,2026-09-16T13:04:51.153649+00:00,0,0.0,0.0,0,0.0,0.0,0,0.0,0.0,0,0.0,0.0,0,1000.0,0.0,0.34,0,1000.0,0.0,0.34,0,0,1,0.2444,0,0.0,1,37.0,36.8,0.03,0,37.0,-181.87,0.0,0,0.0,0,29.0,27.31,62.41,66.78,80.51,97.82,1,0,0.0,0.0,0.0,0.0,0,0,1,,2026-09-16T15:04:51.153000+02:00
1789563892153,2026-09-16T13:04:52.153048+00:00,0,0.0,0.0,0,0.0,0.0,0,0.0,0.0,0,0.0,0.0,0,1000.0,0.0,0.34,0,1000.0,0.0,0.34,0,0,1,0.2437,0,0.0,1,37.0,36.8,0.03,0,37.0,-174.28,0.0,0,0.0,0,29.0,27.31,62.41,66.76,80.54,98.06,1,0,0.0,0.0,0.0,0.0,0,0,1,,2026-09-16T15:04:52.153000+02:00
1789563893153,2026-09-16T13:04:53.153886+00:00,0,0.0,0.0,0,0.0,0.0,0,0.0,0.0,0,0.0,0.0,0,1000.0,0.0,0.34,0,1000.0,0.0,0.34,0,0,1,0.2435,0,0.0,1,37.0,36.79,0.03,0,37.0,-187.64,0.0,0,0.0,0,29.0,27.31,62.4,66.75,80.56,97.5,1,0,0.0,0.0,0.0,0.0,0,0,1,,2026-09-16T15:04:53.153000+02:00
1789563894153,2026-09-16T13:04:54.153624+00:00,0,0.0,0.0,0,0.0,0.0,0,0.0,0.0,0,0.0,0.0,0,1000.0,0.0,0.34,0,1000.0,0.0,0.34,0,0,1,0.2437,0,0.0,1,37.0,36.81,0.03,0,37.0,-176.87,0.0,0,0.0,0,27.0,27.3,62.41,66.75,80.63,97.32,1,0,0.0,0.0,0.0,0.0,0,0,1,,2026-09-16T15:04:54.153000+02:00
1789563895152,2026-09-16T13:04:55.152854+00:00,0,0.0,0.0,0,0.0,0.0,0,0.0,0.0,0,0.0,0.0,0,1000.0,0.0,0.34,0,1000.0,0.0,0.34,0,0,1,0.2444,0,0.0,1,37.0,36.8,0.03,0,37.0,-180.64,0.0,0,0.0,0,27.0,27.3,62.38,66.73,80.63,97.33,1,0,0.0,0.0,0.0,0.0,0,0,1,,2026-09-16T15:04:55.152000+02:00
1789563896153,2026-09-16T13:04:56.153249+00:00,0,0.0,0.0,0,0.0,0.0,0,0.0,0.0,0,0.0,0.0,0,1000.0,0.0,0.34,0,1000.0,0.0,0.34,0,0,1,0.2442,0,0.0,1,37.0,36.8,0.03,0,37.0,-179.71,0.0,0,0.0,0,27.0,27.3,62.34,66.72,80.74,98.05,1,0,0.0,0.0,0.0,0.0,0,0,1,,2026-09-16T15:04:56.153000+02:00
1789563897153,2026-09-16T13:04:57.153532+00:00,0,0.0,0.0,0,0.0,0.0,0,0.0,0.0,0,0.0,0.0,0,1000.0,0.0,0.34,0,1000.0,0.0,0.34,0,0,1,0.2444,0,0.0,1,37.0,36.81,0.03,0,37.0,-179.06,0.0,0,0.0,0,27.0,27.29,62.35,66.72,80.68,97.35,1,0,0.0,0.0,0.0,0.0,0,0,1,,2026-09-16T15:04:57.153000+02:00
1789563898153,2026-09-16T13:04:58.153640+00:00,0,0.0,0.0,0,0.0,0.0,0,0.0,0.0,0,0.0,0.0,0,1000.0,0.0,0.34,0,1000.0,0.0,0.34,0,0,1,0.2431,0,0.0,1,37.0,36.81,0.03,0,37.0,-170.18,0.0,0,0.0,0,27.0,27.3,62.36,66.72,80.64,96.34,1,0,0.0,0.0,0.0,0.0,0,0,1,,2026-09-16T15:04:58.153000+02:00
1789563899153,2026-09-16T13:04:59.153417+00:00,0,0.0,0.0,0,0.0,0.0,0,0.0,0.0,0,0.0,0.0,0,1000.0,0.0,0.34,0,1000.0,0.0,0.34,0,0,1,0.2449,0,0.0,1,37.0,36.81,0.03,0,37.0,-176.42,0.0,0,0.0,0,27.0,27.32,62.35,66.76,80.65,97.0,1,0,0.0,0.0,0.0,0.0,0,0,1,,2026-09-16T15:04:59.153000+02:00
1789563900153,2026-09-16T13:05:00.153227+00:00,0,0.0,0.0,0,0.0,0.0,0,0.0,0.0,0,0.0,0.0,0,1000.0,0.0,0.34,0,1000.0,0.0,0.34,0,0,1,0.2446,0,0.0,1,37.0,36.81,0.03,0,37.0,-175.18,0.0,0,0.0,0,27.0,27.32,62.36,66.76,80.65,97.56,1,0,0.0,0.0,0.0,0.0,0,0,1,,2026-09-16T15:05:00.153000+02:00
1789563901153,2026-09-16T13:05:01.153577+00:00,0,0.0,0.0,0,0.0,0.0,0,0.0,0.0,0,0.0,0.0,0,1000.0,0.0,0.34,0,1000.0,0.0,0.34,0,0,1,0.2451,0,0.0,1,37.0,36.82,0.03,0,37.0,-179.03,0.0,0,0.0,0,27.0,27.32,62.35,66.74,80.56,97.55,1,0,0.0,0.0,0.0,0.0,0,0,1,,2026-09-16T15:05:01.153000+02:00
1789563902153,2026-09-16T13:05:02.153133+00:00,0,0.0,0.0,0,0.0,0.0,0,0.0,0.0,0,0.0,0.0,0,1000.0,0.0,0.34,0,1000.0,0.0,0.34,0,0,1,0.2444,0,0.0,1,37.0,36.82,0.03,0,37.0,-185.99,0.0,0,0.0,0,27.0,27.31,62.36,66.73,80.43,96.92,1,0,0.0,0.0,0.0,0.0,0,0,1,,2026-09-16T15:05:02.153000+02:00
1789563903152,2026-09-16T13:05:03.152923+00:00,0,0.0,0.0,0,0.0,0.0,0,0.0,0.0,0,0.0,0.0,0,1000.0,0.0,0.34,0,1000.0,0.0,0.34,0,0,1,0.2446,0,0.0,1,37.0,36.83,0.03,0,37.0,-179.94,0.0,0,0.0,0,27.0,27.31,62.34,66.72,80.4,97.37,1,0,0.0,0.0,0.0,0.0,0,0,1,,2026-09-16T15:05:03.152000+02:00
1789563904153,2026-09-16T13:05:04.153100+00:00,0,0.0,0.0,0,0.0,0.0,0,0.0,0.0,0,0.0,0.0,0,1000.0,0.0,0.34,0,1000.0,0.0,0.34,0,0,1,0.2437,0,0.0,1,37.0,36.82,0.03,0,37.0,-182.16,0.0,0,0.0,0,26.0,27.29,62.32,66.71,80.4,97.99,1,0,0.0,0.0,0.0,0.0,0,0,1,,2026-09-16T15:05:04.153000+02:00
1789563905153,2026-09-16T13:05:05.153580+00:00,0,0.0,0.0,0,0.0,0.0,0,0.0,0.0,0,0.0,0.0,0,1000.0,0.0,0.34,0,1000.0,0.0,0.34,0,0,1,0.2444,0,0.0,1,37.0,36.82,0.03,0,37.0,-182.61,0.0,0,0.0,0,26.0,27.31,62.31,66.74,80.36,97.81,1,0,0.0,0.0,0.0,0.0,0,0,1,,2026-09-16T15:05:05.153000+02:00
1789563906152,2026-09-16T13:05:06.152874+00:00,0,0.0,0.0,0,0.0,0.0,0,0.0,0.0,0,0.0,0.0,0,1000.0,0.0,0.34,0,1000.0,0.0,0.34,0,0,1,0.2442,0,0.0,1,37.0,36.81,0.03,0,37.0,-174.85,0.0,0,0.0,0,26.0,27.3,62.33,66.78,80.41,97.42,1,0,0.0,0.0,0.0,0.0,0,0,1,,2026-09-16T15:05:06.152000+02:00
1789563907153,2026-09-16T13:05:07.153951+00:00,0,0.0,0.0,0,0.0,0.0,0,0.0,0.0,0,0.0,0.0,0,1000.0,0.0,0.34,0,1000.0,0.0,0.34,0,0,1,0.2442,0,0.0,1,37.0,36.81,0.03,0,37.0,-190.88,0.0,0,0.0,0,26.0,27.29,62.35,66.75,80.38,97.36,1,0,0.0,0.0,0.0,0.0,0,0,1,,2026-09-16T15:05:07.153000+02:00
1789563908153,2026-09-16T13:05:08.153841+00:00,0,0.0,0.0,0,0.0,0.0,0,0.0,0.0,0,0.0,0.0,0,1000.0,0.0,0.34,0,1000.0,0.0,0.34,0,0,1,0.2455,0,0.0,1,37.0,36.82,0.03,0,37.0,-188.53,0.0,0,0.0,0,27.0,27.3,62.4,66.75,80.42,97.57,1,0,0.0,0.0,0.0,0.0,0,0,1,,2026-09-16T15:05:08.153000+02:00
1789563909153,2026-09-16T13:05:09.153567+00:00,0,0.0,0.0,0,0.0,0.0,0,0.0,0.0,0,0.0,0.0,0,1000.0,0.0,0.34,0,1000.0,0.0,0.34,0,0,1,0.2453,0,0.0,1,37.0,36.81,0.03,0,37.0,-171.51,0.0,0,0.0,0,27.0,27.29,62.41,66.78,80.46,97.73,1,0,0.0,0.0,0.0,0.0,0,0,1,,2026-09-16T15:05:09.153000+02:00
1789563910153,2026-09-16T13:05:10.153608+00:00,0,0.0,0.0,0,0.0,0.0,0,0.0,0.0,0,0.0,0.0,0,1000.0,0.0,0.34,0,1000.0,0.0,0.34,0,0,1,0.2446,0,0.0,1,37.0,36.83,0.03,0,37.0,-168.17,0.0,0,0.0,0,27.0,27.3,62.42,66.77,80.48,97.9,1,0,0.0,0.0,0.0,0.0,0,0,1,,2026-09-16T15:05:10.153000+02:00
1789563911153,2026-09-16T13:05:11.153033+00:00,0,0.0,0.0,0,0.0,0.0,0,0.0,0.0,0,0.0,0.0,0,1000.0,0.0,0.34,0,1000.0,0.0,0.34,0,0,1,0.2449,0,0.0,1,37.0,36.82,0.03,0,37.0,-179.0,0.0,0,0.0,0,27.0,27.3,62.41,66.81,80.46,97.38,1,0,0.0,0.0,0.0,0.0,0,0,1,,2026-09-16T15:05:11.153000+02:00
1789563912153,2026-09-16T13:05:12.153308+00:00,0,0.0,0.0,0,0.0,0.0,0,0.0,0.0,0,0.0,0.0,0,1000.0,0.0,0.34,0,1000.0,0.0,0.34,0,0,1,0.2453,0,0.0,1,37.0,36.82,0.03,0,37.0,-177.55,0.0,0,0.0,0,27.0,27.31,62.37,66.81,80.48,97.71,1,0,0.0,0.0,0.0,0.0,0,0,1,,2026-09-16T15:05:12.153000+02:00
1789563913153,2026-09-16T13:05:13.153547+00:00,0,0.0,0.0,0,0.0,0.0,0,0.0,0.0,0,0.0,0.0,0,1000.0,0.0,0.34,0,1000.0,0.0,0.34,0,0,1,0.2449,0,0.0,1,37.0,36.81,0.03,0,37.0,-164.72,0.0,0,0.0,0,27.0,27.31,62.36,66.78,80.41,97.16,1,0,0.0,0.0,0.0,0.0,0,0,1,,2026-09-16T15:05:13.153000+02:00
1789563914152,2026-09-16T13:05:14.152862+00:00,0,0.0,0.0,0,0.0,0.0,0,0.0,0.0,0,0.0,0.0,0,1000.0,0.0,0.34,0,1000.0,0.0,0.34,0,0,1,0.2442,0,0.0,1,37.0,36.83,0.03,0,37.0,-177.9,0.0,0,0.0,0,27.0,27.32,62.33,66.76,80.39,96.99,1,0,0.0,0.0,0.0,0.0,0,0,1,,2026-09-16T15:05:14.152000+02:00
1789563915152,2026-09-16T13:05:15.152954+00:00,0,0.0,0.0,0,0.0,0.0,0,0.0,0.0,0,0.0,0.0,0,1000.0,0.0,0.34,0,1000.0,0.0,0.34,0,0,1,0.2442,0,0.0,1,37.0,36.82,0.03,0,37.0,-180.04,0.0,0,0.0,0,27.0,27.31,62.35,66.74,80.39,97.59,1,0,0.0,0.0,0.0,0.0,0,0,1,,2026-09-16T15:05:15.152000+02:00
1789563916153,2026-09-16T13:05:16.153858+00:00,0,0.0,0.0,0,0.0,0.0,0,0.0,0.0,0,0.0,0.0,0,1000.0,0.0,0.34,0,1000.0,0.0,0.34,0,0,1,0.246,0,0.0,1,37.0,36.83,0.03,0,37.0,-185.49,0.0,0,0.0,0,27.0,27.31,62.34,66.71,80.44,97.61,1,0,0.0,0.0,0.0,0.0,0,0,1,,2026-09-16T15:05:16.153000+02:00
1789563917152,2026-09-16T13:05:17.152898+00:00,0,0.0,0.0,0,0.0,0.0,0,0.0,0.0,0,0.0,0.0,0,1000.0,0.0,0.34,0,1000.0,0.0,0.34,0,0,1,0.2453,0,0.0,1,37.0,36.84,0.03,0,37.0,-182.7,0.0,0,0.0,0,27.0,27.32,62.35,66.68,80.56,97.44,1,0,0.0,0.0,0.0,0.0,0,0,1,,2026-09-16T15:05:17.152000+02:00
1789563918152,2026-09-16T13:05:18.152783+00:00,0,0.0,0.0,0,0.0,0.0,0,0.0,0.0,0,0.0,0.0,0,1000.0,0.0,0.34,0,1000.0,0.0,0.34,0,0,1,0.2458,0,0.0,1,37.0,36.84,0.03,0,37.0,-176.1,0.0,0,0.0,0,27.0,27.33,62.35,66.69,80.63,97.6,1,0,0.0,0.0,0.0,0.0,0,0,1,,2026-09-16T15:05:18.152000+02:00
1789563919156,2026-09-16T13:05:19.156713+00:00,0,0.0,0.0,0,0.0,0.0,0,0.0,0.0,0,0.0,0.0,0,1000.0,0.0,0.34,0,1000.0,0.0,0.34,0,0,1,0.2449,0,0.0,1,37.0,36.84,0.03,0,37.0,-176.18,0.0,0,0.0,0,27.0,27.32,62.32,66.68,80.58,97.22,1,0,0.0,0.0,0.0,0.0,0,0,1,,2026-09-16T15:05:19.156000+02:00
1789563920153,2026-09-16T13:05:20.153487+00:00,0,0.0,0.0,0,0.0,0.0,0,0.0,0.0,0,0.0,0.0,0,1000.0,0.0,0.34,0,1000.0,0.0,0.34,0,0,1,0.2458,0,0.0,1,37.0,36.83,0.03,0,37.0,-179.01,0.0,0,0.0,0,27.0,27.32,62.3,66.71,80.5,97.42,1,0,0.0,0.0,0.0,0.0,0,0,1,,2026-09-16T15:05:20.153000+02:00
1789563921153,2026-09-16T13:05:21.153290+00:00,0,0.0,0.0,0,0.0,0.0,0,0.0,0.0,0,0.0,0.0,0,1000.0,0.0,0.34,0,1000.0,0.0,0.34,0,0,1,0.2453,0,0.0,1,37.0,36.84,0.03,0,37.0,-172.25,0.0,0,0.0,0,27.0,27.32,62.31,66.75,80.47,97.18,1,0,0.0,0.0,0.0,0.0,0,0,1,,2026-09-16T15:05:21.153000+02:00
1789563922153,2026-09-16T13:05:22.153564+00:00,0,0.0,0.0,0,0.0,0.0,0,0.0,0.0,0,0.0,0.0,0,1000.0,0.0,0.34,0,1000.0,0.0,0.34,0,0,1,0.2453,0,0.0,1,37.0,36.83,0.03,0,37.0,-171.53,0.0,0,0.0,0,27.0,27.31,62.34,66.78,80.45,96.9,1,0,0.0,0.0,0.0,0.0,0,0,1,,2026-09-16T15:05:22.153000+02:00
1789563923153,2026-09-16T13:05:23.153299+00:00,0,0.0,0.0,0,0.0,0.0,0,0.0,0.0,0,0.0,0.0,0,1000.0,0.0,0.34,0,1000.0,0.0,0.34,0,0,1,0.2451,0,0.0,1,37.0,36.82,0.03,0,37.0,-183.78,0.0,0,0.0,0,27.0,27.3,62.39,66.79,80.39,96.89,1,0,0.0,0.0,0.0,0.0,0,0,1,,2026-09-16T15:05:23.153000+02:00
1789563924153,2026-09-16T13:05:24.153243+00:00,0,0.0,0.0,0,0.0,0.0,0,0.0,0.0,0,0.0,0.0,0,1000.0,0.0,0.34,0,1000.0,0.0,0.34,0,0,1,0.2449,0,0.0,1,37.0,36.82,0.03,0,37.0,-180.28,0.0,0,0.0,0,27.0,27.3,62.42,66.81,80.39,97.14,1,0,0.0,0.0,0.0,0.0,0,0,1,,2026-09-16T15:05:24.153000+02:00
1789563925153,2026-09-16T13:05:25.153054+00:00,0,0.0,0.0,0,0.0,0.0,0,0.0,0.0,0,0.0,0.0,0,1000.0,0.0,0.34,0,1000.0,0.0,0.34,0,0,1,0.2446,0,0.0,1,37.0,36.83,0.03,0,37.0,-177.48,0.0,0,0.0,0,27.0,27.31,62.43,66.8,80.4,98.32,1,0,0.0,0.0,0.0,0.0,0,0,1,,2026-09-16T15:05:25.153000+02:00
1789563926153,2026-09-16T13:05:26.153231+00:00,0,0.0,0.0,0,0.0,0.0,0,0.0,0.0,0,0.0,0.0,0,1000.0,0.0,0.34,0,1000.0,0.0,0.34,0,0,1,0.2451,0,0.0,1,37.0,36.83,0.03,0,37.0,-191.01,0.0,0,0.0,0,27.0,27.3,62.44,66.75,80.44,99.44,1,0,0.0,0.0,0.0,0.0,0,0,1,,2026-09-16T15:05:26.153000+02:00
1789563927153,2026-09-16T13:05:27.153048+00:00,0,0.0,0.0,0,0.0,0.0,0,0.0,0.0,0,0.0,0.0,0,1000.0,0.0,0.34,0,1000.0,0.0,0.34,0,0,1,0.2449,0,0.0,1,37.0,36.82,0.03,0,37.0,-181.56,0.0,0,0.0,0,27.0,27.31,62.44,66.73,80.51,99.8,1,0,0.0,0.0,0.0,0.0,0,0,1,,2026-09-16T15:05:27.153000+02:00
1789563928152,2026-09-16T13:05:28.152787+00:00,0,0.0,0.0,0,0.0,0.0,0,0.0,0.0,0,0.0,0.0,0,1000.0,0.0,0.34,0,1000.0,0.0,0.34,0,0,1,0.2455,0,0.0,1,37.0,36.83,0.03,0,37.0,-171.63,0.0,0,0.0,0,29.0,27.3,62.38,66.68,80.44,98.82,1,0,0.0,0.0,0.0,0.0,0,0,1,,2026-09-16T15:05:28.152000+02:00
1789563929156,2026-09-16T13:05:29.156707+00:00,0,0.0,0.0,0,0.0,0.0,0,0.0,0.0,0,0.0,0.0,0,1000.0,0.0,0.34,0,1000.0,0.0,0.34,0,0,1,0.2464,0,0.0,1,37.0,36.84,0.03,0,37.0,-186.49,0.0,0,0.0,0,29.0,27.29,62.36,66.65,80.35,98.67,1,0,0.0,0.0,0.0,0.0,0,0,1,,2026-09-16T15:05:29.156000+02:00
1789563930153,2026-09-16T13:05:30.153740+00:00,0,0.0,0.0,0,0.0,0.0,0,0.0,0.0,0,0.0,0.0,0,1000.0,0.0,0.34,0,1000.0,0.0,0.34,0,0,1,0.2451,0,0.0,1,37.0,36.83,0.03,0,37.0,-172.78,0.0,0,0.0,0,29.0,27.29,62.36,66.66,80.3,98.9,1,0,0.0,0.0,0.0,0.0,0,0,1,,2026-09-16T15:05:30.153000+02:00
1789563931152,2026-09-16T13:05:31.152849+00:00,0,0.0,0.0,0,0.0,0.0,0,0.0,0.0,0,0.0,0.0,0,1000.0,0.0,0.34,0,1000.0,0.0,0.34,0,0,1,0.246,0,0.0,1,37.0,36.83,0.03,0,37.0,-176.61,0.0,0,0.0,0,29.0,27.29,62.36,66.72,80.3,98.54,1,0,0.0,0.0,0.0,0.0,0,0,1,,2026-09-16T15:05:31.152000+02:00
1789563932153,2026-09-16T13:05:32.153504+00:00,0,0.0,0.0,0,0.0,0.0,0,0.0,0.0,0,0.0,0.0,0,1000.0,0.0,0.34,0,1000.0,0.0,0.34,0,0,1,0.2453,0,0.0,1,37.0,36.83,0.03,0,37.0,-165.24,0.0,0,0.0,0,29.0,27.28,62.36,66.71,80.28,98.43,1,0,0.0,0.0,0.0,0.0,0,0,1,,2026-09-16T15:05:32.153000+02:00
1789563933153,2026-09-16T13:05:33.153249+00:00,0,0.0,0.0,0,0.0,0.0,0,0.0,0.0,0,0.0,0.0,0,1000.0,0.0,0.34,0,1000.0,0.0,0.34,0,0,1,0.2473,0,0.0,1,37.0,36.83,0.03,0,37.0,-177.08,0.0,0,0.0,0,27.0,27.27,62.36,66.71,80.2,97.87,1,0,0.0,0.0,0.0,0.0,0,0,1,,2026-09-16T15:05:33.153000+02:00
1789563934153,2026-09-16T13:05:34.153223+00:00,0,0.0,0.0,0,0.0,0.0,0,0.0,0.0,0,0.0,0.0,0,1000.0,0.0,0.34,0,1000.0,0.0,0.34,0,0,1,0.2462,0,0.0,1,37.0,36.84,0.03,0,37.0,-186.13,0.0,0,0.0,0,27.0,27.28,62.4,66.71,80.13,97.45,1,0,0.0,0.0,0.0,0.0,0,0,1,,2026-09-16T15:05:34.153000+02:00
1789563935153,2026-09-16T13:05:35.153311+00:00,0,0.0,0.0,0,0.0,0.0,0,0.0,0.0,0,0.0,0.0,0,1000.0,0.0,0.34,0,1000.0,0.0,0.34,0,0,1,0.2458,0,0.0,1,37.0,36.83,0.03,0,37.0,-170.89,0.0,0,0.0,0,27.0,27.28,62.43,66.7,80.13,97.25,1,0,0.0,0.0,0.0,0.0,0,0,1,,2026-09-16T15:05:35.153000+02:00
1789563936153,2026-09-16T13:05:36.153726+00:00,0,0.0,0.0,0,0.0,0.0,0,0.0,0.0,0,0.0,0.0,0,1000.0,0.0,0.34,0,1000.0,0.0,0.34,0,0,1,0.2455,0,0.0,1,37.0,36.85,0.03,0,37.0,-177.56,0.0,0,0.0,0,27.0,27.29,62.46,66.72,80.2,96.87,1,0,0.0,0.0,0.0,0.0,0,0,1,,2026-09-16T15:05:36.153000+02:00
1789563937153,2026-09-16T13:05:37.153074+00:00,0,0.0,0.0,0,0.0,0.0,0,0.0,0.0,0,0.0,0.0,0,1000.0,0.0,0.34,0,1000.0,0.0,0.34,0,0,1,0.2451,0,0.0,1,37.0,36.84,0.03,0,37.0,-188.95,0.0,0,0.0,0,27.0,27.3,62.5,66.69,80.25,97.55,1,0,0.0,0.0,0.0,0.0,0,0,1,,2026-09-16T15:05:37.153000+02:00
1789563938153,2026-09-16T13:05:38.153035+00:00,0,0.0,0.0,0,0.0,0.0,0,0.0,0.0,0,0.0,0.0,0,1000.0,0.0,0.34,0,1000.0,0.0,0.34,0,0,1,0.2453,0,0.0,1,37.0,36.85,0.03,0,37.0,-181.85,0.0,0,0.0,0,28.0,27.31,62.49,66.67,80.27,98.48,1,0,0.0,0.0,0.0,0.0,0,0,1,,2026-09-16T15:05:38.153000+02:00
1789563939153,2026-09-16T13:05:39.153180+00:00,0,0.0,0.0,0,0.0,0.0,0,0.0,0.0,0,0.0,0.0,0,1000.0,0.0,0.34,0,1000.0,0.0,0.34,0,0,1,0.2453,0,0.0,1,37.0,36.86,0.03,0,37.0,-174.16,0.0,0,0.0,0,28.0,27.33,62.44,66.7,80.22,97.86,1,0,0.0,0.0,0.0,0.0,0,0,1,,2026-09-16T15:05:39.153000+02:00
1789563940152,2026-09-16T13:05:40.152881+00:00,0,0.0,0.0,0,0.0,0.0,0,0.0,0.0,0,0.0,0.0,0,1000.0,0.0,0.34,0,1000.0,0.0,0.34,0,0,1,0.2453,0,0.0,1,37.0,36.86,0.03,0,37.0,-175.61,0.0,0,0.0,0,28.0,27.32,62.4,66.72,80.17,98.01,1,0,0.0,0.0,0.0,0.0,0,0,1,,2026-09-16T15:05:40.152000+02:00
1789563941154,2026-09-16T13:05:41.154234+00:00,0,0.0,0.0,0,0.0,0.0,0,0.0,0.0,0,0.0,0.0,0,1000.0,0.0,0.34,0,1000.0,0.0,0.34,0,0,1,0.2453,0,0.0,1,37.0,36.86,0.03,0,37.0,-176.5,0.0,0,0.0,0,28.0,27.31,62.4,66.73,80.28,97.43,1,0,0.0,0.0,0.0,0.0,0,0,1,,2026-09-16T15:05:41.154000+02:00
1789563942153,2026-09-16T13:05:42.153090+00:00,0,0.0,0.0,0,0.0,0.0,0,0.0,0.0,0,0.0,0.0,0,1000.0,0.0,0.34,0,1000.0,0.0,0.34,0,0,1,0.2455,0,0.0,1,37.0,36.85,0.03,0,37.0,-183.77,0.0,0,0.0,0,28.0,27.31,62.39,66.77,80.41,97.46,1,0,0.0,0.0,0.0,0.0,0,0,1,,2026-09-16T15:05:42.153000+02:00
1789563943153,2026-09-16T13:05:43.153621+00:00,0,0.0,0.0,0,0.0,0.0,0,0.0,0.0,0,0.0,0.0,0,1000.0,0.0,0.34,0,1000.0,0.0,0.34,0,0,1,0.2458,0,0.0,1,37.0,36.87,0.03,0,37.0,-176.59,0.0,0,0.0,0,28.0,27.3,62.41,66.84,80.44,98.22,1,0,0.0,0.0,0.0,0.0,0,0,1,,2026-09-16T15:05:43.153000+02:00
1789563944153,2026-09-16T13:05:44.153496+00:00,0,0.0,0.0,0,0.0,0.0,0,0.0,0.0,0,0.0,0.0,0,1000.0,0.0,0.34,0,1000.0,0.0,0.34,0,0,1,0.2451,0,0.0,1,37.0,36.85,0.03,0,37.0,-177.52,0.0,0,0.0,0,28.0,27.29,62.47,66.86,80.48,98.7,1,0,0.0,0.0,0.0,0.0,0,0,1,,2026-09-16T15:05:44.153000+02:00
1789563945153,2026-09-16T13:05:45.153730+00:00,0,0.0,0.0,0,0.0,0.0,0,0.0,0.0,0,0.0,0.0,0,1000.0,0.0,0.34,0,1000.0,0.0,0.34,0,0,1,0.2446,0,0.0,1,37.0,36.86,0.03,0,37.0,-177.37,0.0,0,0.0,0,28.0,27.31,62.5,66.85,80.5,98.09,1,0,0.0,0.0,0.0,0.0,0,0,1,,2026-09-16T15:05:45.153000+02:00
1789563946153,2026-09-16T13:05:46.153514+00:00,0,0.0,0.0,0,0.0,0.0,0,0.0,0.0,0,0.0,0.0,0,1000.0,0.0,0.34,0,1000.0,0.0,0.34,0,0,1,0.2455,0,0.0,1,37.0,36.86,0.03,0,37.0,-173.53,0.0,0,0.0,0,28.0,27.31,62.53,66.87,80.47,97.27,1,0,0.0,0.0,0.0,0.0,0,0,1,,2026-09-16T15:05:46.153000+02:00
1789563947152,2026-09-16T13:05:47.152964+00:00,0,0.0,0.0,0,0.0,0.0,0,0.0,0.0,0,0.0,0.0,0,1000.0,0.0,0.34,0,1000.0,0.0,0.34,0,0,1,0.2449,0,0.0,1,37.0,36.86,0.03,0,37.0,-190.8,0.0,0,0.0,0,28.0,27.32,62.53,66.86,80.42,96.39,1,0,0.0,0.0,0.0,0.0,0,0,1,,2026-09-16T15:05:47.152000+02:00
1789563948152,2026-09-16T13:05:48.152860+00:00,0,0.0,0.0,0,0.0,0.0,0,0.0,0.0,0,0.0,0.0,0,1000.0,0.0,0.34,0,1000.0,0.0,0.34,0,0,1,0.2453,0,0.0,1,37.0,36.86,0.03,0,37.0,-162.19,0.0,0,0.0,0,28.0,27.32,62.48,66.81,80.42,96.55,1,0,0.0,0.0,0.0,0.0,0,0,1,,2026-09-16T15:05:48.152000+02:00
1789563949153,2026-09-16T13:05:49.153242+00:00,0,0.0,0.0,0,0.0,0.0,0,0.0,0.0,0,0.0,0.0,0,1000.0,0.0,0.34,0,1000.0,0.0,0.34,0,0,1,0.2437,0,0.0,1,37.0,36.86,0.03,0,37.0,-179.78,0.0,0,0.0,0,28.0,27.32,62.45,66.74,80.36,96.33,1,0,0.0,0.0,0.0,0.0,0,0,1,,2026-09-16T15:05:49.153000+02:00
1789563950153,2026-09-16T13:05:50.153047+00:00,0,0.0,0.0,0,0.0,0.0,0,0.0,0.0,0,0.0,0.0,0,1000.0,0.0,0.34,0,1000.0,0.0,0.34,0,0,1,0.2446,0,0.0,1,37.0,36.87,0.03,0,37.0,-175.04,0.0,0,0.0,0,28.0,27.31,62.42,66.71,80.4,95.96,1,0,0.0,0.0,0.0,0.0,0,0,1,,2026-09-16T15:05:50.153000+02:00
1789563951153,2026-09-16T13:05:51.153400+00:00,0,0.0,0.0,0,0.0,0.0,0,0.0,0.0,0,0.0,0.0,0,1000.0,0.0,0.34,0,1000.0,0.0,0.34,0,0,1,0.2451,0,0.0,1,37.0,36.86,0.03,0,37.0,-179.36,0.0,0,0.0,0,28.0,27.3,62.41,66.71,80.4,96.02,1,0,0.0,0.0,0.0,0.0,0,0,1,,2026-09-16T15:05:51.153000+02:00
1789563952153,2026-09-16T13:05:52.153036+00:00,0,0.0,0.0,0,0.0,0.0,0,0.0,0.0,0,0.0,0.0,0,1000.0,0.0,0.34,0,1000.0,0.0,0.34,0,0,1,0.2449,0,0.0,1,37.0,36.87,0.03,0,37.0,-175.13,0.0,0,0.0,0,28.0,27.3,62.44,66.71,80.36,95.71,1,0,0.0,0.0,0.0,0.0,0,0,1,,2026-09-16T15:05:52.153000+02:00
1789563953152,2026-09-16T13:05:53.152977+00:00,0,0.0,0.0,0,0.0,0.0,0,0.0,0.0,0,0.0,0.0,0,1000.0,0.0,0.34,0,1000.0,0.0,0.34,0,0,1,0.2446,0,0.0,1,37.0,36.86,0.03,0,37.0,-182.19,0.0,0,0.0,0,28.0,27.31,62.44,66.74,80.33,95.99,1,0,0.0,0.0,0.0,0.0,0,0,1,,2026-09-16T15:05:53.152000+02:00
1789563954152,2026-09-16T13:05:54.152832+00:00,0,0.0,0.0,0,0.0,0.0,0,0.0,0.0,0,0.0,0.0,0,1000.0,0.0,0.34,0,1000.0,0.0,0.34,0,0,1,0.2453,0,0.0,1,37.0,36.88,0.03,0,37.0,-184.99,0.0,0,0.0,0,28.0,27.32,62.45,66.78,80.34,96.72,1,0,0.0,0.0,0.0,0.0,0,0,1,,2026-09-16T15:05:54.152000+02:00
1789563955153,2026-09-16T13:05:55.153652+00:00,0,0.0,0.0,0,0.0,0.0,0,0.0,0.0,0,0.0,0.0,0,1000.0,0.0,0.34,0,1000.0,0.0,0.34,0,0,1,0.2451,0,0.0,1,37.0,36.87,0.03,0,37.0,-177.08,0.0,0,0.0,0,28.0,27.31,62.48,66.79,80.43,96.9,1,0,0.0,0.0,0.0,0.0,0,0,1,,2026-09-16T15:05:55.153000+02:00
1789563956153,2026-09-16T13:05:56.153586+00:00,0,0.0,0.0,0,0.0,0.0,0,0.0,0.0,0,0.0,0.0,0,1000.0,0.0,0.34,0,1000.0,0.0,0.34,0,0,1,0.2449,0,0.0,1,37.0,36.87,0.03,0,37.0,-175.36,0.0,0,0.0,0,28.0,27.32,62.49,66.8,80.51,96.27,1,0,0.0,0.0,0.0,0.0,0,0,1,,2026-09-16T15:05:56.153000+02:00
1789563957152,2026-09-16T13:05:57.152987+00:00,0,0.0,0.0,0,0.0,0.0,0,0.0,0.0,0,0.0,0.0,0,1000.0,0.0,0.34,0,1000.0,0.0,0.34,0,0,1,0.2455,0,0.0,1,37.0,36.88,0.03,0,37.0,-164.56,0.0,0,0.0,0,28.0,27.33,62.49,66.82,80.53,96.51,1,0,0.0,0.0,0.0,0.0,0,0,1,,2026-09-16T15:05:57.152000+02:00
1789563958153,2026-09-16T13:05:58.153434+00:00,0,0.0,0.0,0,0.0,0.0,0,0.0,0.0,0,0.0,0.0,0,1000.0,0.0,0.34,0,1000.0,0.0,0.34,0,0,1,0.2455,0,0.0,1,37.0,36.88,0.03,0,37.0,-179.34,0.0,0,0.0,0,28.0,27.32,62.5,66.83,80.51,96.08,1,0,0.0,0.0,0.0,0.0,0,0,1,,2026-09-16T15:05:58.153000+02:00
1789563959153,2026-09-16T13:05:59.153687+00:00,0,0.0,0.0,0,0.0,0.0,0,0.0,0.0,0,0.0,0.0,0,1000.0,0.0,0.34,0,1000.0,0.0,0.34,0,0,1,0.2453,0,0.0,1,37.0,36.89,0.03,0,37.0,-178.65,0.0,0,0.0,0,28.0,27.31,62.47,66.85,80.51,96.91,1,0,0.0,0.0,0.0,0.0,0,0,1,,2026-09-16T15:05:59.153000+02:00
1789563960152,2026-09-16T13:06:00.152918+00:00,0,0.0,0.0,0,0.0,0.0,0,0.0,0.0,0,0.0,0.0,0,1000.0,0.0,0.34,0,1000.0,0.0,0.34,0,0,1,0.2437,0,0.0,1,37.0,36.9,0.03,0,37.0,-181.23,0.0,0,0.0,0,28.0,27.3,62.45,66.83,80.44,97.22,1,0,0.0,0.0,0.0,0.0,0,0,1,,2026-09-16T15:06:00.152000+02:00
1789563961153,2026-09-16T13:06:01.153134+00:00,0,0.0,0.0,0,0.0,0.0,0,0.0,0.0,0,0.0,0.0,0,1000.0,0.0,0.34,0,1000.0,0.0,0.34,0,0,1,0.2453,0,0.0,1,37.0,36.89,0.03,0,37.0,-168.47,0.0,0,0.0,0,28.0,27.31,62.41,66.79,80.45,97.92,1,0,0.0,0.0,0.0,0.0,0,0,1,,2026-09-16T15:06:01.153000+02:00
1789563962153,2026-09-16T13:06:02.153038+00:00,0,0.0,0.0,0,0.0,0.0,0,0.0,0.0,0,0.0,0.0,0,1000.0,0.0,0.34,0,1000.0,0.0,0.34,0,0,1,0.2449,0,0.0,1,37.0,36.89,0.03,0,37.0,-178.83,0.0,0,0.0,0,26.0,27.34,62.39,66.77,80.53,97.31,1,0,0.0,0.0,0.0,0.0,0,0,1,,2026-09-16T15:06:02.153000+02:00
1789563963153,2026-09-16T13:06:03.153043+00:00,0,0.0,0.0,0,0.0,0.0,0,0.0,0.0,0,0.0,0.0,0,1000.0,0.0,0.34,0,1000.0,0.0,0.34,0,0,1,0.2453,0,0.0,1,37.0,36.89,0.03,0,37.0,-174.94,0.0,0,0.0,0,26.0,27.35,62.35,66.75,80.57,96.42,1,0,0.0,0.0,0.0,0.0,0,0,1,,2026-09-16T15:06:03.153000+02:00
1789563964153,2026-09-16T13:06:04.153349+00:00,0,0.0,0.0,0,0.0,0.0,0,0.0,0.0,0,0.0,0.0,0,1000.0,0.0,0.34,0,1000.0,0.0,0.34,0,0,1,0.2449,0,0.0,1,37.0,36.91,0.03,0,37.0,-185.75,0.0,0,0.0,0,26.0,27.34,62.33,66.75,80.54,96.44,1,0,0.0,0.0,0.0,0.0,0,0,1,,2026-09-16T15:06:04.153000+02:00
1789563965153,2026-09-16T13:06:05.153182+00:00,0,0.0,0.0,0,0.0,0.0,0,0.0,0.0,0,0.0,0.0,0,1000.0,0.0,0.34,0,1000.0,0.0,0.34,0,0,1,0.2453,0,0.0,1,37.0,36.91,0.03,0,37.0,-186.2,0.0,0,0.0,0,26.0,27.33,62.34,66.77,80.57,96.39,1,0,0.0,0.0,0.0,0.0,0,0,1,,2026-09-16T15:06:05.153000+02:00
1789563966153,2026-09-16T13:06:06.153462+00:00,0,0.0,0.0,0,0.0,0.0,0,0.0,0.0,0,0.0,0.0,0,1000.0,0.0,0.34,0,1000.0,0.0,0.34,0,0,1,0.2444,0,0.0,1,37.0,36.9,0.03,0,37.0,-180.22,0.0,0,0.0,0,26.0,27.32,62.34,66.8,80.53,96.83,1,0,0.0,0.0,0.0,0.0,0,0,1,,2026-09-16T15:06:06.153000+02:00
1789563967153,2026-09-16T13:06:07.153314+00:00,0,0.0,0.0,0,0.0,0.0,0,0.0,0.0,0,0.0,0.0,0,1000.0,0.0,0.34,0,1000.0,0.0,0.34,0,0,1,0.2444,0,0.0,1,37.0,36.9,0.03,0,37.0,-186.13,0.0,0,0.0,0,28.0,27.32,62.35,66.78,80.48,97.27,1,0,0.0,0.0,0.0,0.0,0,0,1,,2026-09-16T15:06:07.153000+02:00
1789563968152,2026-09-16T13:06:08.152911+00:00,0,0.0,0.0,0,0.0,0.0,0,0.0,0.0,0,0.0,0.0,0,1000.0,0.0,0.34,0,1000.0,0.0,0.34,0,0,1,0.2446,0,0.0,1,37.0,36.9,0.03,0,37.0,-175.23,0.0,0,0.0,0,28.0,27.34,62.37,66.74,80.46,97.0,1,0,0.0,0.0,0.0,0.0,0,0,1,,2026-09-16T15:06:08.152000+02:00
1789563969153,2026-09-16T13:06:09.153531+00:00,0,0.0,0.0,0,0.0,0.0,0,0.0,0.0,0,0.0,0.0,0,1000.0,0.0,0.34,0,1000.0,0.0,0.34,0,0,1,0.2451,0,0.0,1,37.0,36.91,0.03,0,37.0,-167.18,0.0,0,0.0,0,28.0,27.33,62.38,66.69,80.55,97.07,1,0,0.0,0.0,0.0,0.0,0,0,1,,2026-09-16T15:06:09.153000+02:00
1789563970152,2026-09-16T13:06:10.152809+00:00,0,0.0,0.0,0,0.0,0.0,0,0.0,0.0,0,0.0,0.0,0,1000.0,0.0,0.34,0,1000.0,0.0,0.34,0,0,1,0.2442,0,0.0,1,37.0,36.91,0.03,0,37.0,-180.81,0.0,0,0.0,0,28.0,27.35,62.4,66.66,80.73,96.63,1,0,0.0,0.0,0.0,0.0,0,0,1,,2026-09-16T15:06:10.152000+02:00
1789563971153,2026-09-16T13:06:11.153453+00:00,0,0.0,0.0,0,0.0,0.0,0,0.0,0.0,0,0.0,0.0,0,1000.0,0.0,0.34,0,1000.0,0.0,0.34,0,0,1,0.2451,0,0.0,1,37.0,36.91,0.03,0,37.0,-184.78,0.0,0,0.0,0,28.0,27.35,62.38,66.7,80.74,96.25,1,0,0.0,0.0,0.0,0.0,0,0,1,,2026-09-16T15:06:11.153000+02:00
1789563972153,2026-09-16T13:06:12.153567+00:00,0,0.0,0.0,0,0.0,0.0,0,0.0,0.0,0,0.0,0.0,0,1000.0,0.0,0.34,0,1000.0,0.0,0.34,0,0,1,0.2451,0,0.0,1,37.0,36.9,0.03,0,37.0,-182.52,0.0,0,0.0,0,28.0,27.33,62.37,66.7,80.63,96.81,1,0,0.0,0.0,0.0,0.0,0,0,1,,2026-09-16T15:06:12.153000+02:00
1789563973154,2026-09-16T13:06:13.154130+00:00,0,0.0,0.0,0,0.0,0.0,0,0.0,0.0,0,0.0,0.0,0,1000.0,0.0,0.34,0,1000.0,0.0,0.34,0,0,1,0.2449,0,0.0,1,37.0,36.9,0.03,0,37.0,-180.29,0.0,0,0.0,0,28.0,27.33,62.37,66.7,80.53,96.89,1,0,0.0,0.0,0.0,0.0,0,0,1,,2026-09-16T15:06:13.154000+02:00
1789563974152,2026-09-16T13:06:14.152899+00:00,0,0.0,0.0,0,0.0,0.0,0,0.0,0.0,0,0.0,0.0,0,1000.0,0.0,0.34,0,1000.0,0.0,0.34,0,0,1,0.2449,0,0.0,1,37.0,36.9,0.03,0,37.0,-180.85,0.0,0,0.0,0,28.0,27.34,62.41,66.7,80.4,97.21,1,0,0.0,0.0,0.0,0.0,0,0,1,,2026-09-16T15:06:14.152000+02:00
1789563975153,2026-09-16T13:06:15.153700+00:00,0,0.0,0.0,0,0.0,0.0,0,0.0,0.0,0,0.0,0.0,0,1000.0,0.0,0.34,0,1000.0,0.0,0.34,0,0,1,0.2458,0,0.0,1,37.0,36.9,0.03,0,37.0,-162.71,0.0,0,0.0,0,28.0,27.34,62.41,66.74,80.35,97.58,1,0,0.0,0.0,0.0,0.0,0,0,1,,2026-09-16T15:06:15.153000+02:00
1789563976152,2026-09-16T13:06:16.152994+00:00,0,0.0,0.0,0,0.0,0.0,0,0.0,0.0,0,0.0,0.0,0,1000.0,0.0,0.34,0,1000.0,0.0,0.34,0,0,1,0.2444,0,0.0,1,37.0,36.89,0.03,0,37.0,-181.37,0.0,0,0.0,0,28.0,27.34,62.43,66.74,80.39,97.32,1,0,0.0,0.0,0.0,0.0,0,0,1,,2026-09-16T15:06:16.152000+02:00
1789563977152,2026-09-16T13:06:17.152924+00:00,0,0.0,0.0,0,0.0,0.0,0,0.0,0.0,0,0.0,0.0,0,1000.0,0.0,0.34,0,1000.0,0.0,0.34,0,0,1,0.2433,0,0.0,1,37.0,36.9,0.03,0,37.0,-169.18,0.0,0,0.0,0,28.0,27.34,62.45,66.74,80.5,97.14,1,0,0.0,0.0,0.0,0.0,0,0,1,,2026-09-16T15:06:17.152000+02:00
1789563978153,2026-09-16T13:06:18.153383+00:00,0,0.0,0.0,0,0.0,0.0,0,0.0,0.0,0,0.0,0.0,0,1000.0,0.0,0.34,0,1000.0,0.0,0.34,0,0,1,0.2442,0,0.0,1,37.0,36.9,0.03,0,37.0,-172.0,0.0,0,0.0,0,28.0,27.33,62.46,66.75,80.56,97.36,1,0,0.0,0.0,0.0,0.0,0,0,1,,2026-09-16T15:06:18.153000+02:00
1789563979153,2026-09-16T13:06:19.153495+00:00,0,0.0,0.0,0,0.0,0.0,0,0.0,0.0,0,0.0,0.0,0,1000.0,0.0,0.34,0,1000.0,0.0,0.34,0,0,1,0.2442,0,0.0,1,37.0,36.9,0.03,0,37.0,-184.97,0.0,0,0.0,0,28.0,27.33,62.44,66.76,80.55,97.21,1,0,0.0,0.0,0.0,0.0,0,0,1,,2026-09-16T15:06:19.153000+02:00
1789563980153,2026-09-16T13:06:20.153049+00:00,0,0.0,0.0,0,0.0,0.0,0,0.0,0.0,0,0.0,0.0,0,1000.0,0.0,0.34,0,1000.0,0.0,0.34,0,0,1,0.244,0,0.0,1,37.0,36.89,0.03,0,37.0,-179.4,0.0,0,0.0,0,28.0,27.31,62.41,66.74,80.56,97.81,1,0,0.0,0.0,0.0,0.0,0,0,1,,2026-09-16T15:06:20.153000+02:00
1789563981154,2026-09-16T13:06:21.154824+00:00,0,0.0,0.0,0,0.0,0.0,0,0.0,0.0,0,0.0,0.0,0,1000.0,0.0,0.34,0,1000.0,0.0,0.34,0,0,1,0.2435,0,0.0,1,37.0,36.89,0.03,0,37.0,-188.62,0.0,0,0.0,0,28.0,27.28,62.39,66.72,80.62,97.81,1,0,0.0,0.0,0.0,0.0,0,0,1,,2026-09-16T15:06:21.154000+02:00
1789563982153,2026-09-16T13:06:22.153509+00:00,0,0.0,0.0,0,0.0,0.0,0,0.0,0.0,0,0.0,0.0,0,1000.0,0.0,0.34,0,1000.0,0.0,0.34,0,0,1,0.2446,0,0.0,1,37.0,36.89,0.03,0,37.0,-185.38,0.0,0,0.0,0,27.0,27.28,62.37,66.76,80.61,97.66,1,0,0.0,0.0,0.0,0.0,0,0,1,,2026-09-16T15:06:22.153000+02:00
1789563983154,2026-09-16T13:06:23.154077+00:00,0,0.0,0.0,0,0.0,0.0,0,0.0,0.0,0,0.0,0.0,0,1000.0,0.0,0.34,0,1000.0,0.0,0.34,0,0,1,0.2442,0,0.0,1,37.0,36.89,0.03,0,37.0,-180.92,0.0,0,0.0,0,27.0,27.29,62.38,66.79,80.64,96.68,1,0,0.0,0.0,0.0,0.0,0,0,1,,2026-09-16T15:06:23.154000+02:00
1789563984153,2026-09-16T13:06:24.153313+00:00,0,0.0,0.0,0,0.0,0.0,0,0.0,0.0,0,0.0,0.0,0,1000.0,0.0,0.34,0,1000.0,0.0,0.34,0,0,1,0.2453,0,0.0,1,37.0,36.89,0.03,0,37.0,-177.18,0.0,0,0.0,0,27.0,27.3,62.39,66.81,80.59,96.56,1,0,0.0,0.0,0.0,0.0,0,0,1,,2026-09-16T15:06:24.153000+02:00
1789563985153,2026-09-16T13:06:25.153436+00:00,0,0.0,0.0,0,0.0,0.0,0,0.0,0.0,0,0.0,0.0,0,1000.0,0.0,0.34,0,1000.0,0.0,0.34,0,0,1,0.2444,0,0.0,1,37.0,36.89,0.03,0,37.0,-182.04,0.0,0,0.0,0,27.0,27.32,62.4,66.8,80.55,96.59,1,0,0.0,0.0,0.0,0.0,0,0,1,,2026-09-16T15:06:25.153000+02:00
1789563986153,2026-09-16T13:06:26.153501+00:00,0,0.0,0.0,0,0.0,0.0,0,0.0,0.0,0,0.0,0.0,0,1000.0,0.0,0.34,0,1000.0,0.0,0.34,0,0,1,0.2451,0,0.0,1,37.0,36.9,0.03,0,37.0,-176.89,0.0,0,0.0,0,27.0,27.33,62.43,66.77,80.45,96.56,1,0,0.0,0.0,0.0,0.0,0,0,1,,2026-09-16T15:06:26.153000+02:00
1789563987152,2026-09-16T13:06:27.152880+00:00,0,0.0,0.0,0,0.0,0.0,0,0.0,0.0,0,0.0,0.0,0,1000.0,0.0,0.34,0,1000.0,0.0,0.34,0,0,1,0.2449,0,0.0,1,37.0,36.89,0.03,0,37.0,-185.63,0.0,0,0.0,0,28.0,27.34,62.43,66.79,80.35,96.82,1,0,0.0,0.0,0.0,0.0,0,0,1,,2026-09-16T15:06:27.152000+02:00
1789563988153,2026-09-16T13:06:28.153333+00:00,0,0.0,0.0,0,0.0,0.0,0,0.0,0.0,0,0.0,0.0,0,1000.0,0.0,0.34,0,1000.0,0.0,0.34,0,0,1,0.2435,0,0.0,1,37.0,36.89,0.03,0,37.0,-175.31,0.0,0,0.0,0,28.0,27.33,62.43,66.8,80.39,97.45,1,0,0.0,0.0,0.0,0.0,0,0,1,,2026-09-16T15:06:28.153000+02:00
1789563989153,2026-09-16T13:06:29.153068+00:00,0,0.0,0.0,0,0.0,0.0,0,0.0,0.0,0,0.0,0.0,0,1000.0,0.0,0.34,0,1000.0,0.0,0.34,0,0,1,0.2444,0,0.0,1,37.0,36.89,0.03,0,37.0,-183.09,0.0,0,0.0,0,28.0,27.32,62.44,66.82,80.5,97.68,1,0,0.0,0.0,0.0,0.0,0,0,1,,2026-09-16T15:06:29.153000+02:00
1789563990153,2026-09-16T13:06:30.153926+00:00,0,0.0,0.0,0,0.0,0.0,0,0.0,0.0,0,0.0,0.0,0,1000.0,0.0,0.34,0,1000.0,0.0,0.34,0,0,1,0.2446,0,0.0,1,37.0,36.89,0.03,0,37.0,-184.03,0.0,0,0.0,0,28.0,27.31,62.42,66.83,80.48,97.77,1,0,0.0,0.0,0.0,0.0,0,0,1,,2026-09-16T15:06:30.153000+02:00
1789563991153,2026-09-16T13:06:31.153797+00:00,0,0.0,0.0,0,0.0,0.0,0,0.0,0.0,0,0.0,0.0,0,1000.0,0.0,0.34,0,1000.0,0.0,0.34,0,0,1,0.2455,0,0.0,1,37.0,36.88,0.03,0,37.0,-174.81,0.0,0,0.0,0,28.0,27.3,62.39,66.83,80.52,97.66,1,0,0.0,0.0,0.0,0.0,0,0,1,,2026-09-16T15:06:31.153000+02:00
